COUNTRY,Year,School age population (thousands),% urban,% primary,% secondary,national_basic,national_limited,national_no,PRIMARY_basic,PRIMARY_limited,PRIMARY_no,SECONDARY_basic,SECONDARY_limited,SECONDARY_no,WHO Region,UNICEF Programme Region,UNICEF Reporting Regions,SDG region
Afghanistan,2016.0,12465,25.0,49.0,42.0,65.0,8.0,25.0,58.0,17.0,24.0,75.0,16.292857142857144,20.82051282051282,0,0,0,Central and Southern Asia
Afghanistan,2017.0,12703,25.0,48.0,42.0,65.0,9.0,24.0,58.0,17.0,24.0,75.0,16.292857142857144,20.82051282051282,0,0,0,Central and Southern Asia
Afghanistan,2018.0,12907,25.0,48.0,42.0,65.0,11.0,23.0,58.0,17.0,24.0,75.0,16.292857142857144,20.82051282051282,0,0,0,Central and Southern Asia
Afghanistan,2019.0,13092,25.0,48.0,43.0,65.0,12.0,21.0,58.0,17.0,24.0,75.0,16.292857142857144,20.82051282051282,0,0,0,Central and Southern Asia
Afghanistan,2021.0,13417,26.0,47.0,43.0,65.0,12.0,21.0,58.0,17.0,24.0,75.0,16.292857142857144,20.82051282051282,0,0,0,Central and Southern Asia
Algeria,2016.0,8501,71.0,42.0,47.0,92.0,15.381578947368421,7.0,87.0,14.201149425287356,12.0,98.0,16.292857142857144,1.0,1,1,1,Northern Africa and Western Asia
Algeria,2017.0,8791,72.0,43.0,46.0,92.0,15.381578947368421,7.0,85.0,14.201149425287356,14.0,96.0,1.0,1.0,1,1,1,Northern Africa and Western Asia
Algeria,2018.0,9115,72.0,44.0,45.0,92.0,15.381578947368421,7.0,85.0,14.201149425287356,14.0,95.0,3.0,1.0,1,1,1,Northern Africa and Western Asia
Algeria,2019.0,9465,73.0,44.0,45.0,91.0,15.381578947368421,7.0,85.0,14.201149425287356,14.0,94.0,4.0,1.0,1,1,1,Northern Africa and Western Asia
Algeria,2021.0,9921,74.0,45.0,48.0,90.0,1.0,7.0,85.0,14.201149425287356,14.0,92.0,6.0,1.0,1,1,1,Northern Africa and Western Asia
Angola,2016.0,11143,64.0,46.0,36.0,61.92619926199262,15.381578947368421,68.0,60.497835497835496,14.201149425287356,81.0,71.16756756756757,16.292857142857144,51.0,1,2,2,Sub-Saharan Africa
Angola,2017.0,11553,64.0,46.0,36.0,61.92619926199262,15.381578947368421,68.0,60.497835497835496,14.201149425287356,81.0,71.16756756756757,16.292857142857144,51.0,1,2,2,Sub-Saharan Africa
Angola,2018.0,11962,65.0,46.0,36.0,61.92619926199262,15.381578947368421,68.0,60.497835497835496,14.201149425287356,81.0,71.16756756756757,16.292857142857144,51.0,1,2,2,Sub-Saharan Africa
Angola,2019.0,12367,66.0,46.0,36.0,61.92619926199262,15.381578947368421,68.0,60.497835497835496,14.201149425287356,81.0,71.16756756756757,16.292857142857144,51.0,1,2,2,Sub-Saharan Africa
Angola,2021.0,12459,67.0,48.0,39.0,61.92619926199262,15.381578947368421,24.920265780730897,60.497835497835496,14.201149425287356,28.326612903225808,71.16756756756757,16.292857142857144,20.82051282051282,1,2,2,Sub-Saharan Africa
Anguilla,2016.0,2,100.0,50.0,34.0,61.92619926199262,15.381578947368421,24.920265780730897,60.497835497835496,14.201149425287356,28.326612903225808,71.16756756756757,16.292857142857144,20.82051282051282,2,3,3,Latin America and the Caribbean
Anguilla,2017.0,2,100.0,50.0,34.0,61.92619926199262,15.381578947368421,24.920265780730897,60.497835497835496,14.201149425287356,28.326612903225808,71.16756756756757,16.292857142857144,20.82051282051282,2,3,3,Latin America and the Caribbean
Anguilla,2018.0,2,100.0,50.0,35.0,61.92619926199262,15.381578947368421,24.920265780730897,60.497835497835496,14.201149425287356,28.326612903225808,71.16756756756757,16.292857142857144,20.82051282051282,2,3,3,Latin America and the Caribbean
Anguilla,2019.0,2,100.0,50.0,35.0,61.92619926199262,15.381578947368421,24.920265780730897,60.497835497835496,14.201149425287356,28.326612903225808,71.16756756756757,16.292857142857144,20.82051282051282,2,3,3,Latin America and the Caribbean
Anguilla,2021.0,2,100.0,49.0,35.0,61.92619926199262,15.381578947368421,24.920265780730897,60.497835497835496,14.201149425287356,28.326612903225808,71.16756756756757,16.292857142857144,20.82051282051282,2,3,3,Latin America and the Caribbean
Antigua and Barbuda,2016.0,19,24.0,48.0,37.0,61.92619926199262,15.381578947368421,24.920265780730897,60.497835497835496,14.201149425287356,28.326612903225808,71.16756756756757,16.292857142857144,20.82051282051282,2,3,3,Latin America and the Caribbean
Antigua and Barbuda,2017.0,19,24.0,48.0,36.0,61.92619926199262,15.381578947368421,24.920265780730897,60.497835497835496,14.201149425287356,28.326612903225808,71.16756756756757,16.292857142857144,20.82051282051282,2,3,3,Latin America and the Caribbean
Antigua and Barbuda,2018.0,19,24.0,49.0,36.0,61.92619926199262,15.381578947368421,24.920265780730897,60.497835497835496,14.201149425287356,28.326612903225808,71.16756756756757,16.292857142857144,20.82051282051282,2,3,3,Latin America and the Caribbean
Antigua and Barbuda,2019.0,19,24.0,49.0,35.0,61.92619926199262,15.381578947368421,24.920265780730897,60.497835497835496,14.201149425287356,28.326612903225808,71.16756756756757,16.292857142857144,20.82051282051282,2,3,3,Latin America and the Caribbean
Antigua and Barbuda,2021.0,19,24.0,50.0,34.0,61.92619926199262,15.381578947368421,24.920265780730897,60.497835497835496,14.201149425287356,28.326612903225808,71.16756756756757,16.292857142857144,20.82051282051282,2,3,3,Latin America and the Caribbean
Argentina,2016.0,10748,91.0,40.0,39.0,61.92619926199262,15.381578947368421,10.0,60.497835497835496,14.201149425287356,10.0,71.16756756756757,16.292857142857144,20.82051282051282,2,3,3,Latin America and the Caribbean
Argentina,2017.0,10801,91.0,40.0,39.0,61.92619926199262,15.381578947368421,10.0,60.497835497835496,14.201149425287356,10.0,71.16756756756757,16.292857142857144,20.82051282051282,2,3,3,Latin America and the Caribbean
Argentina,2018.0,10854,91.0,40.0,39.0,61.92619926199262,15.381578947368421,10.0,60.497835497835496,14.201149425287356,10.0,71.16756756756757,16.292857142857144,20.82051282051282,2,3,3,Latin America and the Caribbean
Argentina,2019.0,10898,91.0,40.0,39.0,61.92619926199262,15.381578947368421,10.0,60.497835497835496,14.201149425287356,10.0,71.16756756756757,16.292857142857144,20.82051282051282,2,3,3,Latin America and the Caribbean
Argentina,2021.0,10979,92.0,40.0,39.0,61.92619926199262,15.381578947368421,24.920265780730897,60.497835497835496,14.201149425287356,28.326612903225808,71.16756756756757,16.292857142857144,20.82051282051282,2,3,3,Latin America and the Caribbean
Azerbaijan,2016.0,2083,55.0,26.0,49.0,61.92619926199262,15.381578947368421,24.920265780730897,60.497835497835496,14.201149425287356,28.326612903225808,71.16756756756757,16.292857142857144,20.82051282051282,3,4,4,Northern Africa and Western Asia
Azerbaijan,2017.0,2115,55.0,27.0,47.0,61.92619926199262,15.381578947368421,24.920265780730897,60.497835497835496,14.201149425287356,28.326612903225808,71.16756756756757,16.292857142857144,20.82051282051282,3,4,4,Northern Africa and Western Asia
Azerbaijan,2018.0,2148,55.0,29.0,46.0,61.92619926199262,15.381578947368421,24.920265780730897,60.497835497835496,14.201149425287356,28.326612903225808,71.16756756756757,16.292857142857144,20.82051282051282,3,4,4,Northern Africa and Western Asia
Azerbaijan,2019.0,2182,56.0,30.0,46.0,61.92619926199262,15.381578947368421,24.920265780730897,60.497835497835496,14.201149425287356,28.326612903225808,71.16756756756757,16.292857142857144,20.82051282051282,3,4,4,Northern Africa and Western Asia
Azerbaijan,2021.0,1927,56.0,28.0,46.0,61.92619926199262,15.381578947368421,24.920265780730897,60.497835497835496,14.201149425287356,28.326612903225808,71.16756756756757,16.292857142857144,20.82051282051282,3,4,4,Northern Africa and Western Asia
Bahrain,2016.0,264,89.0,41.0,34.0,61.92619926199262,15.381578947368421,24.920265780730897,60.497835497835496,14.201149425287356,28.326612903225808,71.16756756756757,16.292857142857144,20.82051282051282,0,1,1,Northern Africa and Western Asia
Bahrain,2017.0,270,89.0,41.0,35.0,61.92619926199262,15.381578947368421,24.920265780730897,60.497835497835496,14.201149425287356,28.326612903225808,71.16756756756757,16.292857142857144,20.82051282051282,0,1,1,Northern Africa and Western Asia
Bahrain,2018.0,279,89.0,41.0,35.0,61.92619926199262,15.381578947368421,24.920265780730897,60.497835497835496,14.201149425287356,28.326612903225808,71.16756756756757,16.292857142857144,20.82051282051282,0,1,1,Northern Africa and Western Asia
Bahrain,2019.0,289,89.0,40.0,36.0,61.92619926199262,15.381578947368421,24.920265780730897,60.497835497835496,14.201149425287356,28.326612903225808,71.16756756756757,16.292857142857144,20.82051282051282,0,1,1,Northern Africa and Western Asia
Bahrain,2021.0,302,89.0,41.0,36.0,61.92619926199262,15.381578947368421,24.920265780730897,60.497835497835496,14.201149425287356,28.326612903225808,71.16756756756757,16.292857142857144,20.82051282051282,0,1,1,Northern Africa and Western Asia
Bangladesh,2016.0,46072,35.0,32.0,47.0,76.0,11.0,12.0,75.0,12.0,12.0,89.0,6.0,3.0,4,0,0,Central and Southern Asia
Bangladesh,2017.0,45774,35.0,32.0,48.0,77.0,11.0,11.0,76.0,12.0,10.0,90.0,6.0,2.0,4,0,0,Central and Southern Asia
Bangladesh,2018.0,45485,36.0,32.0,47.0,78.0,12.0,9.0,77.0,13.0,9.0,91.0,7.0,20.82051282051282,4,0,0,Central and Southern Asia
Bangladesh,2019.0,45162,37.0,32.0,47.0,79.0,12.0,8.0,77.0,13.0,8.0,93.0,6.0,20.82051282051282,4,0,0,Central and Southern Asia
Bangladesh,2021.0,44455,38.0,32.0,47.0,80.0,13.0,5.0,79.0,14.0,5.0,95.0,4.0,20.82051282051282,4,0,0,Central and Southern Asia
Barbados,2016.0,46,31.0,45.0,40.0,61.92619926199262,15.381578947368421,24.920265780730897,60.497835497835496,14.201149425287356,28.326612903225808,71.16756756756757,16.292857142857144,20.82051282051282,2,3,3,Latin America and the Caribbean
Barbados,2017.0,46,31.0,45.0,41.0,61.92619926199262,15.381578947368421,24.920265780730897,60.497835497835496,14.201149425287356,28.326612903225808,71.16756756756757,16.292857142857144,20.82051282051282,2,3,3,Latin America and the Caribbean
Barbados,2018.0,45,31.0,44.0,41.0,61.92619926199262,15.381578947368421,24.920265780730897,60.497835497835496,14.201149425287356,28.326612903225808,71.16756756756757,16.292857142857144,20.82051282051282,2,3,3,Latin America and the Caribbean
Barbados,2019.0,44,31.0,44.0,41.0,61.92619926199262,15.381578947368421,24.920265780730897,60.497835497835496,14.201149425287356,28.326612903225808,71.16756756756757,16.292857142857144,20.82051282051282,2,3,3,Latin America and the Caribbean
Barbados,2021.0,42,31.0,43.0,41.0,61.92619926199262,15.381578947368421,24.920265780730897,60.497835497835496,14.201149425287356,28.326612903225808,71.16756756756757,16.292857142857144,20.82051282051282,2,3,3,Latin America and the Caribbean
Belarus,2016.0,1359,77.0,29.0,45.0,61.92619926199262,15.381578947368421,24.920265780730897,60.497835497835496,14.201149425287356,28.326612903225808,71.16756756756757,16.292857142857144,20.82051282051282,3,4,4,Europe and Northern America
Belarus,2017.0,1382,78.0,29.0,45.0,61.92619926199262,15.381578947368421,24.920265780730897,60.497835497835496,14.201149425287356,28.326612903225808,71.16756756756757,16.292857142857144,20.82051282051282,3,4,4,Europe and Northern America
Belarus,2018.0,1412,78.0,30.0,44.0,61.92619926199262,15.381578947368421,24.920265780730897,60.497835497835496,14.201149425287356,28.326612903225808,71.16756756756757,16.292857142857144,20.82051282051282,3,4,4,Europe and Northern America
Belarus,2019.0,1446,79.0,30.0,44.0,61.92619926199262,15.381578947368421,24.920265780730897,60.497835497835496,14.201149425287356,28.326612903225808,71.16756756756757,16.292857142857144,20.82051282051282,3,4,4,Europe and Northern America
Belarus,2021.0,1490,79.0,31.0,44.0,61.92619926199262,15.381578947368421,24.920265780730897,60.497835497835496,14.201149425287356,28.326612903225808,71.16756756756757,16.292857142857144,20.82051282051282,3,4,4,Europe and Northern America
Belize,2016.0,107,45.0,42.0,43.0,61.92619926199262,15.381578947368421,24.920265780730897,60.497835497835496,14.201149425287356,28.326612903225808,71.16756756756757,16.292857142857144,20.82051282051282,2,3,3,Latin America and the Caribbean
Belize,2017.0,108,45.0,42.0,43.0,61.92619926199262,15.381578947368421,24.920265780730897,60.497835497835496,14.201149425287356,28.326612903225808,71.16756756756757,16.292857142857144,20.82051282051282,2,3,3,Latin America and the Caribbean
Belize,2018.0,108,45.0,42.0,43.0,61.92619926199262,15.381578947368421,24.920265780730897,60.497835497835496,14.201149425287356,28.326612903225808,71.16756756756757,16.292857142857144,20.82051282051282,2,3,3,Latin America and the Caribbean
Belize,2019.0,108,45.0,42.0,43.0,61.92619926199262,15.381578947368421,24.920265780730897,60.497835497835496,14.201149425287356,28.326612903225808,71.16756756756757,16.292857142857144,20.82051282051282,2,3,3,Latin America and the Caribbean
Belize,2021.0,107,46.0,42.0,42.0,61.92619926199262,15.381578947368421,24.920265780730897,60.497835497835496,14.201149425287356,28.326612903225808,71.16756756756757,16.292857142857144,20.82051282051282,2,3,3,Latin America and the Caribbean
Benin,2016.0,4061,46.0,42.0,41.0,42.0,29.0,27.0,42.0,31.0,25.0,71.16756756756757,16.292857142857144,34.0,1,5,2,Sub-Saharan Africa
Benin,2017.0,4165,46.0,42.0,41.0,42.0,36.0,20.0,42.0,38.0,18.0,71.16756756756757,16.292857142857144,30.0,1,5,2,Sub-Saharan Africa
Benin,2018.0,4270,47.0,42.0,41.0,42.0,36.0,20.0,42.0,38.0,18.0,71.16756756756757,16.292857142857144,26.0,1,5,2,Sub-Saharan Africa
Benin,2019.0,4377,47.0,42.0,41.0,42.0,36.0,20.0,42.0,38.0,18.0,71.16756756756757,16.292857142857144,23.0,1,5,2,Sub-Saharan Africa
Benin,2021.0,4584,48.0,42.0,41.0,42.0,36.0,20.0,42.0,38.0,18.0,71.16756756756757,16.292857142857144,15.0,1,5,2,Sub-Saharan Africa
Bhutan,2016.0,206,39.0,45.0,42.0,63.0,26.0,9.0,58.0,30.0,11.0,63.0,29.0,7.0,4,0,0,Central and Southern Asia
Bhutan,2017.0,203,40.0,45.0,42.0,65.0,24.0,9.0,58.0,30.0,11.0,63.0,29.0,7.0,4,0,0,Central and Southern Asia
Bhutan,2018.0,200,40.0,45.0,42.0,67.0,23.0,9.0,58.0,30.0,11.0,63.0,29.0,7.0,4,0,0,Central and Southern Asia
Bhutan,2019.0,198,41.0,45.0,42.0,69.0,21.0,9.0,58.0,30.0,11.0,63.0,29.0,7.0,4,0,0,Central and Southern Asia
Bhutan,2021.0,192,43.0,45.0,42.0,72.0,19.0,8.0,60.497835497835496,14.201149425287356,28.326612903225808,71.16756756756757,16.292857142857144,20.82051282051282,4,0,0,Central and Southern Asia
Bolivia (Plurinational State of),2016.0,3235,68.0,43.0,42.0,61.92619926199262,15.381578947368421,24.920265780730897,60.497835497835496,14.201149425287356,28.326612903225808,71.16756756756757,16.292857142857144,20.82051282051282,2,3,3,Latin America and the Caribbean
Bolivia (Plurinational State of),2017.0,3245,69.0,43.0,42.0,61.92619926199262,15.381578947368421,24.920265780730897,60.497835497835496,14.201149425287356,28.326612903225808,71.16756756756757,16.292857142857144,20.82051282051282,2,3,3,Latin America and the Caribbean
Bolivia (Plurinational State of),2018.0,3255,69.0,43.0,42.0,61.92619926199262,15.381578947368421,24.920265780730897,60.497835497835496,14.201149425287356,28.326612903225808,71.16756756756757,16.292857142857144,20.82051282051282,2,3,3,Latin America and the Caribbean
Bolivia (Plurinational State of),2019.0,3262,69.0,43.0,42.0,61.92619926199262,15.381578947368421,24.920265780730897,60.497835497835496,14.201149425287356,28.326612903225808,71.16756756756757,16.292857142857144,20.82051282051282,2,3,3,Latin America and the Caribbean
Bolivia (Plurinational State of),2021.0,3276,70.0,43.0,42.0,61.92619926199262,15.381578947368421,24.920265780730897,60.497835497835496,14.201149425287356,28.326612903225808,71.16756756756757,16.292857142857144,20.82051282051282,2,3,3,Latin America and the Caribbean
Botswana,2016.0,710,67.0,47.0,30.0,61.92619926199262,15.381578947368421,24.920265780730897,60.497835497835496,14.201149425287356,28.326612903225808,71.16756756756757,16.292857142857144,20.82051282051282,1,2,2,Sub-Saharan Africa
Botswana,2017.0,723,68.0,47.0,30.0,61.92619926199262,15.381578947368421,24.920265780730897,60.497835497835496,14.201149425287356,28.326612903225808,71.16756756756757,16.292857142857144,20.82051282051282,1,2,2,Sub-Saharan Africa
Botswana,2018.0,737,69.0,47.0,30.0,61.92619926199262,15.381578947368421,24.920265780730897,60.497835497835496,14.201149425287356,28.326612903225808,71.16756756756757,16.292857142857144,20.82051282051282,1,2,2,Sub-Saharan Africa
Botswana,2019.0,750,70.0,47.0,30.0,61.92619926199262,15.381578947368421,24.920265780730897,60.497835497835496,14.201149425287356,28.326612903225808,71.16756756756757,16.292857142857144,20.82051282051282,1,2,2,Sub-Saharan Africa
Botswana,2021.0,775,71.0,47.0,30.0,61.92619926199262,15.381578947368421,24.920265780730897,60.497835497835496,14.201149425287356,28.326612903225808,71.16756756756757,16.292857142857144,20.82051282051282,1,2,2,Sub-Saharan Africa
Burkina Faso,2016.0,7913,28.0,39.0,37.0,52.0,5.0,42.0,56.0,14.201149425287356,43.0,41.0,24.0,34.0,1,5,2,Sub-Saharan Africa
Burkina Faso,2017.0,8137,28.0,39.0,37.0,53.0,5.0,40.0,58.0,14.201149425287356,41.0,42.0,22.0,35.0,1,5,2,Sub-Saharan Africa
Burkina Faso,2018.0,8360,29.0,39.0,37.0,55.0,5.0,38.0,60.0,14.201149425287356,39.0,43.0,20.0,36.0,1,5,2,Sub-Saharan Africa
Burkina Faso,2019.0,8580,29.0,39.0,37.0,57.0,5.0,36.0,61.0,14.201149425287356,37.0,43.0,18.0,37.0,1,5,2,Sub-Saharan Africa
Burkina Faso,2021.0,9049,31.0,39.0,38.0,61.0,5.0,33.0,61.0,5.0,32.0,45.0,15.0,39.0,1,5,2,Sub-Saharan Africa
Burundi,2016.0,3824,12.0,43.0,39.0,45.0,15.381578947368421,54.0,42.0,14.201149425287356,57.0,52.0,16.0,31.0,1,2,2,Sub-Saharan Africa
Burundi,2017.0,3743,12.0,45.0,36.0,45.0,1.0,52.0,43.0,14.201149425287356,56.0,52.0,21.0,26.0,1,2,2,Sub-Saharan Africa
Burundi,2018.0,3880,13.0,46.0,35.0,45.0,3.0,51.0,44.0,14.201149425287356,54.0,52.0,27.0,20.0,1,2,2,Sub-Saharan Africa
Burundi,2019.0,4024,13.0,46.0,35.0,45.0,4.0,49.0,44.0,2.0,52.0,52.0,33.0,14.0,1,2,2,Sub-Saharan Africa
Burundi,2021.0,4318,14.0,46.0,36.0,45.0,7.0,46.0,44.0,5.0,49.0,52.0,39.0,8.0,1,2,2,Sub-Saharan Africa
Cabo Verde,2016.0,154,64.0,40.0,39.0,61.92619926199262,15.381578947368421,2.0,60.497835497835496,14.201149425287356,3.0,71.16756756756757,16.292857142857144,20.82051282051282,1,5,2,Sub-Saharan Africa
Cabo Verde,2017.0,154,65.0,39.0,39.0,61.92619926199262,15.381578947368421,1.0,60.497835497835496,14.201149425287356,1.0,71.16756756756757,16.292857142857144,20.82051282051282,1,5,2,Sub-Saharan Africa
Cabo Verde,2018.0,154,65.0,39.0,39.0,61.92619926199262,15.381578947368421,1.0,60.497835497835496,14.201149425287356,28.326612903225808,71.16756756756757,16.292857142857144,20.82051282051282,1,5,2,Sub-Saharan Africa
Cabo Verde,2019.0,154,66.0,40.0,38.0,61.92619926199262,15.381578947368421,24.920265780730897,60.497835497835496,14.201149425287356,28.326612903225808,71.16756756756757,16.292857142857144,20.82051282051282,1,5,2,Sub-Saharan Africa
Cabo Verde,2021.0,153,67.0,41.0,39.0,61.92619926199262,15.381578947368421,24.920265780730897,60.497835497835496,14.201149425287356,28.326612903225808,71.16756756756757,16.292857142857144,20.82051282051282,1,5,2,Sub-Saharan Africa
Cambodia,2016.0,4770,22.0,40.0,37.0,75.0,2.0,21.0,82.0,3.0,13.0,82.0,16.292857142857144,16.0,5,6,5,Eastern and South-Eastern Asia
Cambodia,2017.0,4802,22.0,40.0,37.0,75.0,2.0,21.0,82.0,3.0,13.0,82.0,16.292857142857144,16.0,5,6,5,Eastern and South-Eastern Asia
Cambodia,2018.0,4837,23.0,41.0,36.0,75.0,2.0,21.0,82.0,3.0,13.0,82.0,16.292857142857144,16.0,5,6,5,Eastern and South-Eastern Asia
Cambodia,2019.0,4876,23.0,41.0,36.0,75.0,2.0,21.0,82.0,3.0,13.0,82.0,16.292857142857144,16.0,5,6,5,Eastern and South-Eastern Asia
Cambodia,2021.0,4962,24.0,41.0,37.0,75.0,2.0,21.0,82.0,3.0,13.0,82.0,16.292857142857144,16.0,5,6,5,Eastern and South-Eastern Asia
Cameroon,2016.0,8971,55.0,43.0,40.0,37.0,14.0,48.0,37.0,9.0,52.0,71.16756756756757,16.292857142857144,20.82051282051282,1,5,2,Sub-Saharan Africa
Cameroon,2017.0,9212,55.0,43.0,41.0,37.0,18.0,44.0,37.0,13.0,49.0,71.16756756756757,16.292857142857144,20.82051282051282,1,5,2,Sub-Saharan Africa
Cameroon,2018.0,9457,56.0,42.0,41.0,37.0,22.0,39.0,37.0,16.0,46.0,71.16756756756757,16.292857142857144,20.82051282051282,1,5,2,Sub-Saharan Africa
Cameroon,2019.0,9700,56.0,42.0,41.0,37.0,27.0,35.0,37.0,19.0,43.0,71.16756756756757,16.292857142857144,20.82051282051282,1,5,2,Sub-Saharan Africa
Cameroon,2021.0,9917,58.0,42.0,41.0,37.0,27.0,35.0,37.0,19.0,43.0,71.16756756756757,16.292857142857144,20.82051282051282,1,5,2,Sub-Saharan Africa
Central African Republic,2016.0,2015,40.0,39.0,39.0,15.0,7.0,76.0,15.0,4.0,79.0,71.16756756756757,16.292857142857144,57.0,1,5,2,Sub-Saharan Africa
Central African Republic,2017.0,2034,40.0,39.0,39.0,15.0,7.0,76.0,15.0,3.0,80.0,71.16756756756757,16.292857142857144,57.0,1,5,2,Sub-Saharan Africa
Central African Republic,2018.0,2058,41.0,39.0,39.0,15.0,7.0,76.0,15.0,3.0,80.0,71.16756756756757,16.292857142857144,57.0,1,5,2,Sub-Saharan Africa
Central African Republic,2019.0,2085,41.0,39.0,40.0,15.0,7.0,76.0,15.0,2.0,81.0,71.16756756756757,16.292857142857144,57.0,1,5,2,Sub-Saharan Africa
Central African Republic,2021.0,2163,42.0,38.0,40.0,15.0,7.0,76.0,15.0,2.0,81.0,71.16756756756757,16.292857142857144,57.0,1,5,2,Sub-Saharan Africa
Chad,2016.0,6396,22.0,39.0,37.0,22.0,7.0,69.0,20.0,4.0,75.0,71.16756756756757,16.292857142857144,50.0,1,5,2,Sub-Saharan Africa
Chad,2017.0,6589,22.0,39.0,37.0,27.0,6.0,66.0,25.0,2.0,72.0,71.16756756756757,16.292857142857144,50.0,1,5,2,Sub-Saharan Africa
Chad,2018.0,6780,23.0,39.0,37.0,31.0,5.0,62.0,30.0,14.201149425287356,69.0,71.16756756756757,16.292857142857144,50.0,1,5,2,Sub-Saharan Africa
Chad,2019.0,6968,23.0,39.0,37.0,35.0,1.0,62.0,30.0,14.201149425287356,69.0,71.16756756756757,16.292857142857144,50.0,1,5,2,Sub-Saharan Africa
Chad,2021.0,7345,23.0,39.0,37.0,37.0,15.381578947368421,62.0,30.0,14.201149425287356,69.0,71.16756756756757,16.292857142857144,50.0,1,5,2,Sub-Saharan Africa
Chile,2016.0,3734,87.0,39.0,40.0,61.92619926199262,15.381578947368421,3.0,60.497835497835496,14.201149425287356,3.0,71.16756756756757,16.292857142857144,20.82051282051282,2,3,3,Latin America and the Caribbean
Chile,2017.0,3740,87.0,39.0,39.0,61.92619926199262,15.381578947368421,3.0,60.497835497835496,14.201149425287356,3.0,71.16756756756757,16.292857142857144,20.82051282051282,2,3,3,Latin America and the Caribbean
Chile,2018.0,3748,87.0,40.0,39.0,61.92619926199262,15.381578947368421,3.0,60.497835497835496,14.201149425287356,3.0,71.16756756756757,16.292857142857144,20.82051282051282,2,3,3,Latin America and the Caribbean
Chile,2019.0,3748,87.0,40.0,39.0,61.92619926199262,15.381578947368421,3.0,60.497835497835496,14.201149425287356,3.0,71.16756756756757,16.292857142857144,20.82051282051282,2,3,3,Latin America and the Caribbean
Chile,2021.0,3770,87.0,40.0,39.0,61.92619926199262,15.381578947368421,24.920265780730897,60.497835497835496,14.201149425287356,28.326612903225808,71.16756756756757,16.292857142857144,20.82051282051282,2,3,3,Latin America and the Caribbean
China,2016.0,253505,56.0,39.0,40.0,61.92619926199262,15.381578947368421,1.0,60.497835497835496,14.201149425287356,28.326612903225808,71.16756756756757,16.292857142857144,20.82051282051282,5,6,5,Eastern and South-Eastern Asia
China,2017.0,253250,57.0,39.0,39.0,61.92619926199262,15.381578947368421,1.0,60.497835497835496,14.201149425287356,28.326612903225808,71.16756756756757,16.292857142857144,20.82051282051282,5,6,5,Eastern and South-Eastern Asia
China,2018.0,253342,59.0,40.0,39.0,61.92619926199262,15.381578947368421,24.920265780730897,60.497835497835496,14.201149425287356,28.326612903225808,71.16756756756757,16.292857142857144,20.82051282051282,5,6,5,Eastern and South-Eastern Asia
China,2019.0,253717,60.0,40.0,39.0,61.92619926199262,15.381578947368421,24.920265780730897,60.497835497835496,14.201149425287356,28.326612903225808,71.16756756756757,16.292857142857144,20.82051282051282,5,6,5,Eastern and South-Eastern Asia
China,2021.0,254343,62.0,40.0,39.0,61.92619926199262,15.381578947368421,24.920265780730897,60.497835497835496,14.201149425287356,28.326612903225808,71.16756756756757,16.292857142857144,20.82051282051282,5,6,5,Eastern and South-Eastern Asia
Colombia,2016.0,11058,80.0,34.0,45.0,55.0,18.0,25.0,60.497835497835496,14.201149425287356,26.0,71.16756756756757,16.292857142857144,20.82051282051282,2,3,3,Latin America and the Caribbean
Colombia,2017.0,10987,80.0,34.0,45.0,61.92619926199262,15.381578947368421,25.0,60.497835497835496,14.201149425287356,26.0,71.16756756756757,16.292857142857144,20.82051282051282,2,3,3,Latin America and the Caribbean
Colombia,2018.0,10918,80.0,34.0,45.0,61.92619926199262,15.381578947368421,25.0,60.497835497835496,14.201149425287356,26.0,71.16756756756757,16.292857142857144,20.82051282051282,2,3,3,Latin America and the Caribbean
Colombia,2019.0,10825,81.0,34.0,44.0,61.92619926199262,15.381578947368421,25.0,60.497835497835496,14.201149425287356,26.0,71.16756756756757,16.292857142857144,20.82051282051282,2,3,3,Latin America and the Caribbean
Colombia,2021.0,10611,81.0,34.0,44.0,61.92619926199262,15.381578947368421,24.920265780730897,60.497835497835496,14.201149425287356,28.326612903225808,71.16756756756757,16.292857142857144,20.82051282051282,2,3,3,Latin America and the Caribbean
Comoros,2016.0,305,28.0,39.0,38.0,61.92619926199262,15.381578947368421,88.0,60.497835497835496,14.201149425287356,89.0,71.16756756756757,16.292857142857144,87.0,1,2,2,Sub-Saharan Africa
Comoros,2017.0,311,28.0,39.0,38.0,61.92619926199262,15.381578947368421,88.0,60.497835497835496,14.201149425287356,89.0,71.16756756756757,16.292857142857144,87.0,1,2,2,Sub-Saharan Africa
Comoros,2018.0,318,28.0,39.0,38.0,61.92619926199262,15.381578947368421,88.0,60.497835497835496,14.201149425287356,89.0,71.16756756756757,16.292857142857144,87.0,1,2,2,Sub-Saharan Africa
Comoros,2019.0,324,29.0,39.0,38.0,61.92619926199262,15.381578947368421,88.0,60.497835497835496,14.201149425287356,89.0,71.16756756756757,16.292857142857144,87.0,1,2,2,Sub-Saharan Africa
Comoros,2021.0,337,29.0,39.0,39.0,61.92619926199262,15.381578947368421,24.920265780730897,60.497835497835496,14.201149425287356,28.326612903225808,71.16756756756757,16.292857142857144,20.82051282051282,1,2,2,Sub-Saharan Africa
Cook Islands,2016.0,4,74.0,40.0,46.0,61.92619926199262,15.381578947368421,24.920265780730897,60.497835497835496,14.201149425287356,28.326612903225808,71.16756756756757,16.292857142857144,20.82051282051282,5,6,5,Oceania
Cook Islands,2017.0,4,74.0,40.0,46.0,61.92619926199262,15.381578947368421,24.920265780730897,60.497835497835496,14.201149425287356,28.326612903225808,71.16756756756757,16.292857142857144,20.82051282051282,5,6,5,Oceania
Cook Islands,2018.0,4,75.0,40.0,46.0,61.92619926199262,15.381578947368421,24.920265780730897,60.497835497835496,14.201149425287356,28.326612903225808,71.16756756756757,16.292857142857144,20.82051282051282,5,6,5,Oceania
Cook Islands,2019.0,4,75.0,40.0,46.0,61.92619926199262,15.381578947368421,24.920265780730897,60.497835497835496,14.201149425287356,28.326612903225808,71.16756756756757,16.292857142857144,20.82051282051282,5,6,5,Oceania
Cook Islands,2021.0,3,75.0,40.0,47.0,61.92619926199262,15.381578947368421,24.920265780730897,60.497835497835496,14.201149425287356,28.326612903225808,71.16756756756757,16.292857142857144,20.82051282051282,5,6,5,Oceania
Costa Rica,2016.0,936,77.0,45.0,39.0,84.0,6.0,9.0,86.0,3.0,10.0,75.0,18.0,6.0,2,3,3,Latin America and the Caribbean
Costa Rica,2017.0,931,78.0,45.0,38.0,84.0,6.0,9.0,86.0,3.0,10.0,75.0,18.0,5.0,2,3,3,Latin America and the Caribbean
Costa Rica,2018.0,929,79.0,45.0,38.0,84.0,6.0,9.0,86.0,3.0,10.0,75.0,18.0,5.0,2,3,3,Latin America and the Caribbean
Costa Rica,2019.0,927,80.0,46.0,38.0,84.0,6.0,9.0,86.0,3.0,10.0,75.0,18.0,5.0,2,3,3,Latin America and the Caribbean
Costa Rica,2021.0,926,81.0,46.0,38.0,84.0,6.0,9.0,86.0,2.0,11.0,75.0,19.0,5.0,2,3,3,Latin America and the Caribbean
Croatia,2016.0,691,56.0,23.0,51.0,61.92619926199262,15.381578947368421,24.920265780730897,60.497835497835496,14.201149425287356,28.326612903225808,71.16756756756757,16.292857142857144,20.82051282051282,3,4,4,Europe and Northern America
Croatia,2017.0,680,56.0,24.0,50.0,61.92619926199262,15.381578947368421,24.920265780730897,60.497835497835496,14.201149425287356,28.326612903225808,71.16756756756757,16.292857142857144,20.82051282051282,3,4,4,Europe and Northern America
Croatia,2018.0,668,56.0,25.0,49.0,95.0,15.381578947368421,3.0,60.497835497835496,14.201149425287356,28.326612903225808,71.16756756756757,16.292857142857144,20.82051282051282,3,4,4,Europe and Northern America
Croatia,2019.0,656,57.0,26.0,49.0,95.0,15.381578947368421,3.0,60.497835497835496,14.201149425287356,28.326612903225808,71.16756756756757,16.292857142857144,20.82051282051282,3,4,4,Europe and Northern America
Croatia,2021.0,647,57.0,25.0,50.0,95.0,15.381578947368421,3.0,60.497835497835496,14.201149425287356,28.326612903225808,71.16756756756757,16.292857142857144,20.82051282051282,3,4,4,Europe and Northern America
Cuba,2016.0,1928,76.0,38.0,42.0,61.92619926199262,15.381578947368421,24.920265780730897,60.497835497835496,14.201149425287356,28.326612903225808,71.16756756756757,16.292857142857144,20.82051282051282,2,3,3,Latin America and the Caribbean
Cuba,2017.0,1905,76.0,38.0,42.0,61.92619926199262,15.381578947368421,24.920265780730897,60.497835497835496,14.201149425287356,28.326612903225808,71.16756756756757,16.292857142857144,20.82051282051282,2,3,3,Latin America and the Caribbean
Cuba,2018.0,1890,77.0,38.0,41.0,61.92619926199262,15.381578947368421,24.920265780730897,60.497835497835496,14.201149425287356,28.326612903225808,71.16756756756757,16.292857142857144,20.82051282051282,2,3,3,Latin America and the Caribbean
Cuba,2019.0,1881,77.0,38.0,40.0,61.92619926199262,15.381578947368421,24.920265780730897,60.497835497835496,14.201149425287356,28.326612903225808,71.16756756756757,16.292857142857144,20.82051282051282,2,3,3,Latin America and the Caribbean
Cuba,2021.0,1832,77.0,40.0,40.0,61.92619926199262,15.381578947368421,24.920265780730897,60.497835497835496,14.201149425287356,28.326612903225808,71.16756756756757,16.292857142857144,20.82051282051282,2,3,3,Latin America and the Caribbean
Dominica,2016.0,13,69.0,46.0,40.0,61.92619926199262,15.381578947368421,24.920265780730897,60.497835497835496,14.201149425287356,28.326612903225808,71.16756756756757,16.292857142857144,20.82051282051282,2,3,3,Latin America and the Caribbean
Dominica,2017.0,13,70.0,47.0,39.0,61.92619926199262,15.381578947368421,24.920265780730897,60.497835497835496,14.201149425287356,28.326612903225808,71.16756756756757,16.292857142857144,20.82051282051282,2,3,3,Latin America and the Caribbean
Dominica,2018.0,12,70.0,48.0,38.0,61.92619926199262,15.381578947368421,24.920265780730897,60.497835497835496,14.201149425287356,28.326612903225808,71.16756756756757,16.292857142857144,20.82051282051282,2,3,3,Latin America and the Caribbean
Dominica,2019.0,12,70.0,48.0,38.0,61.92619926199262,15.381578947368421,24.920265780730897,60.497835497835496,14.201149425287356,28.326612903225808,71.16756756756757,16.292857142857144,20.82051282051282,2,3,3,Latin America and the Caribbean
Dominica,2021.0,11,71.0,50.0,38.0,61.92619926199262,15.381578947368421,24.920265780730897,60.497835497835496,14.201149425287356,28.326612903225808,71.16756756756757,16.292857142857144,20.82051282051282,2,3,3,Latin America and the Caribbean
Dominican Republic,2016.0,2912,79.0,40.0,39.0,61.92619926199262,15.381578947368421,10.0,60.497835497835496,14.201149425287356,10.0,71.16756756756757,16.292857142857144,20.82051282051282,2,3,3,Latin America and the Caribbean
Dominican Republic,2017.0,2905,80.0,40.0,39.0,61.92619926199262,15.381578947368421,10.0,60.497835497835496,14.201149425287356,10.0,71.16756756756757,16.292857142857144,20.82051282051282,2,3,3,Latin America and the Caribbean
Dominican Republic,2018.0,2898,81.0,40.0,39.0,61.92619926199262,15.381578947368421,10.0,60.497835497835496,14.201149425287356,10.0,71.16756756756757,16.292857142857144,20.82051282051282,2,3,3,Latin America and the Caribbean
Dominican Republic,2019.0,2891,81.0,40.0,39.0,61.92619926199262,15.381578947368421,10.0,60.497835497835496,14.201149425287356,10.0,71.16756756756757,16.292857142857144,20.82051282051282,2,3,3,Latin America and the Caribbean
Dominican Republic,2021.0,2876,83.0,40.0,39.0,61.92619926199262,15.381578947368421,24.920265780730897,60.497835497835496,14.201149425287356,28.326612903225808,71.16756756756757,16.292857142857144,20.82051282051282,2,3,3,Latin America and the Caribbean
Ecuador,2016.0,4665,63.0,39.0,39.0,85.0,15.381578947368421,14.0,82.0,1.0,16.0,92.0,2.0,4.0,2,3,3,Latin America and the Caribbean
Ecuador,2017.0,4680,63.0,39.0,39.0,86.0,15.381578947368421,13.0,82.0,2.0,15.0,92.0,2.0,4.0,2,3,3,Latin America and the Caribbean
Ecuador,2018.0,4701,63.0,39.0,39.0,84.0,3.0,11.0,82.0,4.0,13.0,92.0,2.0,4.0,2,3,3,Latin America and the Caribbean
Ecuador,2019.0,4724,63.0,39.0,39.0,82.0,6.0,10.0,82.0,5.0,12.0,92.0,2.0,4.0,2,3,3,Latin America and the Caribbean
Ecuador,2021.0,4960,64.0,38.0,37.0,79.0,13.0,7.0,82.0,8.0,9.0,92.0,2.0,4.0,2,3,3,Latin America and the Caribbean
Egypt,2016.0,25708,42.0,43.0,39.0,61.92619926199262,15.381578947368421,24.920265780730897,60.497835497835496,14.201149425287356,28.326612903225808,71.16756756756757,16.292857142857144,20.82051282051282,0,1,1,Northern Africa and Western Asia
Egypt,2017.0,26288,42.0,43.0,39.0,61.92619926199262,15.381578947368421,24.920265780730897,60.497835497835496,14.201149425287356,28.326612903225808,71.16756756756757,16.292857142857144,20.82051282051282,0,1,1,Northern Africa and Western Asia
Egypt,2018.0,27086,42.0,43.0,38.0,61.92619926199262,15.381578947368421,24.920265780730897,60.497835497835496,14.201149425287356,28.326612903225808,71.16756756756757,16.292857142857144,20.82051282051282,0,1,1,Northern Africa and Western Asia
Egypt,2019.0,28044,42.0,44.0,37.0,61.92619926199262,15.381578947368421,24.920265780730897,60.497835497835496,14.201149425287356,28.326612903225808,71.16756756756757,16.292857142857144,20.82051282051282,0,1,1,Northern Africa and Western Asia
Egypt,2021.0,29468,42.0,47.0,36.0,61.92619926199262,15.381578947368421,24.920265780730897,60.497835497835496,14.201149425287356,28.326612903225808,71.16756756756757,16.292857142857144,20.82051282051282,0,1,1,Northern Africa and Western Asia
El Salvador,2016.0,1835,70.0,38.0,42.0,83.0,9.0,7.0,81.0,10.0,8.0,85.0,8.0,5.0,2,3,3,Latin America and the Caribbean
El Salvador,2017.0,1801,71.0,39.0,41.0,82.0,10.0,6.0,81.0,11.0,7.0,84.0,9.0,5.0,2,3,3,Latin America and the Caribbean
El Salvador,2018.0,1771,72.0,39.0,41.0,82.0,12.0,5.0,80.0,13.0,6.0,84.0,10.0,4.0,2,3,3,Latin America and the Caribbean
El Salvador,2019.0,1747,72.0,39.0,40.0,81.0,13.0,4.0,80.0,14.0,5.0,83.0,11.0,4.0,2,3,3,Latin America and the Caribbean
El Salvador,2021.0,1683,74.0,40.0,40.0,81.0,14.0,3.0,80.0,15.0,4.0,83.0,12.0,3.0,2,3,3,Latin America and the Caribbean
Ethiopia,2016.0,39604,19.0,40.0,37.0,15.0,8.0,75.0,14.0,6.0,78.0,22.0,33.0,44.0,1,2,2,Sub-Saharan Africa
Ethiopia,2017.0,40231,20.0,40.0,37.0,15.0,8.0,76.0,14.0,6.0,78.0,22.0,32.0,45.0,1,2,2,Sub-Saharan Africa
Ethiopia,2018.0,40867,20.0,40.0,37.0,15.0,8.0,76.0,14.0,5.0,79.0,22.0,31.0,46.0,1,2,2,Sub-Saharan Africa
Ethiopia,2019.0,41517,21.0,40.0,37.0,15.0,8.0,76.0,14.0,5.0,79.0,22.0,31.0,46.0,1,2,2,Sub-Saharan Africa
Ethiopia,2021.0,42755,22.0,40.0,37.0,15.0,8.0,76.0,14.0,5.0,79.0,22.0,31.0,46.0,1,2,2,Sub-Saharan Africa
Fiji,2016.0,262,55.0,39.0,39.0,87.0,3.0,9.0,86.0,1.0,11.0,89.0,1.0,8.0,5,6,5,Oceania
Fiji,2017.0,263,55.0,39.0,39.0,87.0,3.0,9.0,86.0,1.0,11.0,89.0,1.0,8.0,5,6,5,Oceania
Fiji,2018.0,264,56.0,39.0,40.0,87.0,3.0,9.0,86.0,1.0,11.0,89.0,1.0,8.0,5,6,5,Oceania
Fiji,2019.0,266,56.0,39.0,40.0,87.0,3.0,9.0,86.0,1.0,11.0,89.0,1.0,8.0,5,6,5,Oceania
Fiji,2021.0,269,57.0,38.0,41.0,87.0,3.0,9.0,86.0,1.0,11.0,89.0,1.0,8.0,5,6,5,Oceania
Georgia,2016.0,729,57.0,39.0,37.0,73.0,16.0,10.0,60.497835497835496,14.201149425287356,28.326612903225808,71.16756756756757,16.292857142857144,20.82051282051282,3,4,4,Northern Africa and Western Asia
Georgia,2017.0,736,58.0,40.0,36.0,73.0,16.0,10.0,60.497835497835496,14.201149425287356,28.326612903225808,71.16756756756757,16.292857142857144,20.82051282051282,3,4,4,Northern Africa and Western Asia
Georgia,2018.0,746,58.0,41.0,35.0,61.92619926199262,15.381578947368421,24.920265780730897,60.497835497835496,14.201149425287356,28.326612903225808,71.16756756756757,16.292857142857144,20.82051282051282,3,4,4,Northern Africa and Western Asia
Georgia,2019.0,758,59.0,42.0,35.0,61.92619926199262,15.381578947368421,24.920265780730897,60.497835497835496,14.201149425287356,28.326612903225808,71.16756756756757,16.292857142857144,20.82051282051282,3,4,4,Northern Africa and Western Asia
Georgia,2021.0,783,59.0,42.0,35.0,61.92619926199262,15.381578947368421,24.920265780730897,60.497835497835496,14.201149425287356,28.326612903225808,71.16756756756757,16.292857142857144,20.82051282051282,3,4,4,Northern Africa and Western Asia
Ghana,2016.0,9216,54.0,44.0,39.0,70.0,15.381578947368421,29.0,77.0,1.0,20.0,79.0,10.0,10.0,1,5,2,Sub-Saharan Africa
Ghana,2017.0,9379,55.0,44.0,39.0,72.0,15.381578947368421,27.0,77.0,4.0,17.0,79.0,11.0,9.0,1,5,2,Sub-Saharan Africa
Ghana,2018.0,9555,56.0,44.0,39.0,74.0,15.381578947368421,25.0,77.0,7.0,15.0,79.0,12.0,8.0,1,5,2,Sub-Saharan Africa
Ghana,2019.0,9740,56.0,44.0,39.0,75.0,15.381578947368421,24.0,77.0,9.0,12.0,79.0,12.0,7.0,1,5,2,Sub-Saharan Africa
Ghana,2021.0,10701,57.0,42.0,42.0,78.0,15.381578947368421,21.0,77.0,11.0,10.0,79.0,14.0,5.0,1,5,2,Sub-Saharan Africa
Grenada,2016.0,23,36.0,50.0,34.0,61.92619926199262,15.381578947368421,24.920265780730897,60.497835497835496,14.201149425287356,28.326612903225808,98.0,1.0,20.82051282051282,2,3,3,Latin America and the Caribbean
Grenada,2017.0,23,36.0,51.0,32.0,61.92619926199262,15.381578947368421,24.920265780730897,60.497835497835496,14.201149425287356,28.326612903225808,98.0,1.0,20.82051282051282,2,3,3,Latin America and the Caribbean
Grenada,2018.0,23,36.0,52.0,32.0,61.92619926199262,15.381578947368421,24.920265780730897,60.497835497835496,14.201149425287356,28.326612903225808,98.0,1.0,20.82051282051282,2,3,3,Latin America and the Caribbean
Grenada,2019.0,23,36.0,52.0,32.0,61.92619926199262,15.381578947368421,24.920265780730897,60.497835497835496,14.201149425287356,28.326612903225808,98.0,1.0,20.82051282051282,2,3,3,Latin America and the Caribbean
Grenada,2021.0,24,36.0,51.0,33.0,61.92619926199262,15.381578947368421,24.920265780730897,60.497835497835496,14.201149425287356,28.326612903225808,98.0,1.0,20.82051282051282,2,3,3,Latin America and the Caribbean
Guatemala,2016.0,5779,50.0,40.0,39.0,61.92619926199262,15.381578947368421,18.0,60.497835497835496,14.201149425287356,18.0,71.16756756756757,16.292857142857144,20.82051282051282,2,3,3,Latin America and the Caribbean
Guatemala,2017.0,5806,50.0,39.0,39.0,61.92619926199262,15.381578947368421,18.0,60.497835497835496,14.201149425287356,18.0,71.16756756756757,16.292857142857144,20.82051282051282,2,3,3,Latin America and the Caribbean
Guatemala,2018.0,5835,51.0,39.0,39.0,61.92619926199262,15.381578947368421,18.0,60.497835497835496,14.201149425287356,18.0,71.16756756756757,16.292857142857144,20.82051282051282,2,3,3,Latin America and the Caribbean
Guatemala,2019.0,5860,51.0,39.0,39.0,61.92619926199262,15.381578947368421,18.0,60.497835497835496,14.201149425287356,18.0,71.16756756756757,16.292857142857144,20.82051282051282,2,3,3,Latin America and the Caribbean
Guatemala,2021.0,5533,52.0,42.0,34.0,61.92619926199262,15.381578947368421,24.920265780730897,60.497835497835496,14.201149425287356,28.326612903225808,71.16756756756757,16.292857142857144,20.82051282051282,2,3,3,Latin America and the Caribbean
Guinea-Bissau,2016.0,679,42.0,41.0,34.0,61.92619926199262,15.381578947368421,24.920265780730897,60.497835497835496,14.201149425287356,28.326612903225808,71.16756756756757,16.292857142857144,20.82051282051282,1,5,2,Sub-Saharan Africa
Guinea-Bissau,2017.0,697,42.0,41.0,34.0,63.0,2.0,34.0,60.497835497835496,14.201149425287356,28.326612903225808,71.16756756756757,16.292857142857144,20.82051282051282,1,5,2,Sub-Saharan Africa
Guinea-Bissau,2018.0,714,43.0,41.0,34.0,63.0,2.0,34.0,60.497835497835496,14.201149425287356,28.326612903225808,71.16756756756757,16.292857142857144,20.82051282051282,1,5,2,Sub-Saharan Africa
Guinea-Bissau,2019.0,732,43.0,41.0,34.0,63.0,2.0,34.0,60.497835497835496,14.201149425287356,28.326612903225808,71.16756756756757,16.292857142857144,20.82051282051282,1,5,2,Sub-Saharan Africa
Guinea-Bissau,2021.0,767,44.0,41.0,35.0,63.0,2.0,34.0,60.497835497835496,14.201149425287356,28.326612903225808,71.16756756756757,16.292857142857144,20.82051282051282,1,5,2,Sub-Saharan Africa
Guyana,2016.0,212,26.0,41.0,38.0,61.92619926199262,15.381578947368421,24.920265780730897,60.497835497835496,14.201149425287356,28.326612903225808,71.16756756756757,16.292857142857144,20.82051282051282,2,3,3,Latin America and the Caribbean
Guyana,2017.0,208,26.0,41.0,37.0,61.92619926199262,15.381578947368421,24.920265780730897,60.497835497835496,14.201149425287356,28.326612903225808,71.16756756756757,16.292857142857144,20.82051282051282,2,3,3,Latin America and the Caribbean
Guyana,2018.0,206,26.0,41.0,37.0,61.92619926199262,15.381578947368421,24.920265780730897,60.497835497835496,14.201149425287356,28.326612903225808,71.16756756756757,16.292857142857144,20.82051282051282,2,3,3,Latin America and the Caribbean
Guyana,2019.0,205,26.0,41.0,36.0,61.92619926199262,15.381578947368421,24.920265780730897,60.497835497835496,14.201149425287356,28.326612903225808,71.16756756756757,16.292857142857144,20.82051282051282,2,3,3,Latin America and the Caribbean
Guyana,2021.0,199,26.0,43.0,35.0,61.92619926199262,15.381578947368421,24.920265780730897,60.497835497835496,14.201149425287356,28.326612903225808,71.16756756756757,16.292857142857144,20.82051282051282,2,3,3,Latin America and the Caribbean
Honduras,2016.0,3094,55.0,39.0,40.0,64.0,13.0,21.0,76.0,6.0,16.0,71.0,24.0,4.0,2,3,3,Latin America and the Caribbean
Honduras,2017.0,3078,56.0,39.0,40.0,71.0,6.0,21.0,76.0,6.0,16.0,71.0,24.0,4.0,2,3,3,Latin America and the Caribbean
Honduras,2018.0,3061,57.0,39.0,40.0,78.0,15.381578947368421,21.0,76.0,14.201149425287356,28.326612903225808,71.0,24.0,4.0,2,3,3,Latin America and the Caribbean
Honduras,2019.0,2838,57.0,42.0,36.0,78.0,15.381578947368421,21.0,76.0,14.201149425287356,28.326612903225808,71.0,16.292857142857144,20.82051282051282,2,3,3,Latin America and the Caribbean
Honduras,2021.0,2816,58.0,42.0,36.0,61.92619926199262,15.381578947368421,24.920265780730897,76.0,14.201149425287356,28.326612903225808,71.0,16.292857142857144,20.82051282051282,2,3,3,Latin America and the Caribbean
India,2016.0,377483,33.0,33.0,46.0,74.0,15.0,10.0,66.0,22.0,10.0,75.0,17.0,7.0,4,0,0,Central and Southern Asia
India,2017.0,376307,33.0,33.0,46.0,74.0,16.0,9.0,66.0,23.0,9.0,75.0,17.0,6.0,4,0,0,Central and Southern Asia
India,2018.0,374138,34.0,33.0,47.0,74.0,17.0,7.0,66.0,24.0,8.0,75.0,17.0,6.0,4,0,0,Central and Southern Asia
India,2019.0,371315,34.0,33.0,47.0,74.0,18.0,6.0,66.0,25.0,7.0,75.0,18.0,6.0,4,0,0,Central and Southern Asia
India,2021.0,369667,35.0,32.0,47.0,74.0,21.0,4.0,66.0,26.0,6.0,75.0,18.0,5.0,4,0,0,Central and Southern Asia
Indonesia,2016.0,64929,53.0,42.0,42.0,72.0,14.0,12.0,72.0,14.0,13.0,74.0,11.0,13.0,4,6,5,Eastern and South-Eastern Asia
Indonesia,2017.0,64964,54.0,42.0,42.0,72.0,13.0,13.0,72.0,13.0,14.0,74.0,11.0,13.0,4,6,5,Eastern and South-Eastern Asia
Indonesia,2018.0,65130,55.0,42.0,42.0,72.0,11.0,15.0,72.0,12.0,15.0,74.0,11.0,13.0,4,6,5,Eastern and South-Eastern Asia
Indonesia,2019.0,65406,55.0,42.0,42.0,72.0,10.0,16.0,72.0,10.0,17.0,74.0,11.0,13.0,4,6,5,Eastern and South-Eastern Asia
Indonesia,2021.0,65792,57.0,43.0,42.0,72.0,8.0,19.0,72.0,8.0,19.0,74.0,11.0,13.0,4,6,5,Eastern and South-Eastern Asia
Iran (Islamic Republic of),2016.0,15086,73.0,47.0,43.0,61.92619926199262,15.381578947368421,24.920265780730897,60.497835497835496,14.201149425287356,28.326612903225808,71.16756756756757,16.292857142857144,20.82051282051282,0,1,1,Central and Southern Asia
Iran (Islamic Republic of),2017.0,15306,74.0,48.0,43.0,61.92619926199262,15.381578947368421,24.920265780730897,60.497835497835496,14.201149425287356,28.326612903225808,71.16756756756757,16.292857142857144,20.82051282051282,0,1,1,Central and Southern Asia
Iran (Islamic Republic of),2018.0,15566,74.0,48.0,42.0,61.92619926199262,15.381578947368421,24.920265780730897,60.497835497835496,14.201149425287356,28.326612903225808,71.16756756756757,16.292857142857144,20.82051282051282,0,1,1,Central and Southern Asia
Iran (Islamic Republic of),2019.0,15852,75.0,48.0,42.0,61.92619926199262,15.381578947368421,24.920265780730897,60.497835497835496,14.201149425287356,28.326612903225808,71.16756756756757,16.292857142857144,20.82051282051282,0,1,1,Central and Southern Asia
Iran (Islamic Republic of),2021.0,16394,76.0,49.0,42.0,61.92619926199262,15.381578947368421,24.920265780730897,60.497835497835496,14.201149425287356,28.326612903225808,71.16756756756757,16.292857142857144,20.82051282051282,0,1,1,Central and Southern Asia
Iraq,2016.0,12054,70.0,44.0,39.0,60.0,24.0,15.0,60.497835497835496,14.201149425287356,19.0,71.16756756756757,16.292857142857144,8.0,0,1,1,Northern Africa and Western Asia
Iraq,2017.0,12323,70.0,44.0,39.0,60.0,24.0,15.0,60.497835497835496,14.201149425287356,19.0,71.16756756756757,16.292857142857144,8.0,0,1,1,Northern Africa and Western Asia
Iraq,2018.0,12601,70.0,44.0,39.0,60.0,24.0,15.0,60.497835497835496,14.201149425287356,19.0,71.16756756756757,16.292857142857144,8.0,0,1,1,Northern Africa and Western Asia
Iraq,2019.0,12884,70.0,44.0,39.0,60.0,24.0,15.0,60.497835497835496,14.201149425287356,19.0,71.16756756756757,16.292857142857144,8.0,0,1,1,Northern Africa and Western Asia
Iraq,2021.0,13376,71.0,45.0,38.0,60.0,24.0,15.0,60.497835497835496,14.201149425287356,19.0,71.16756756756757,16.292857142857144,8.0,0,1,1,Northern Africa and Western Asia
Jordan,2016.0,2984,90.0,44.0,39.0,95.0,4.0,24.920265780730897,60.497835497835496,14.201149425287356,28.326612903225808,71.16756756756757,16.292857142857144,20.82051282051282,0,1,1,Northern Africa and Western Asia
Jordan,2017.0,3061,90.0,44.0,39.0,96.0,3.0,24.920265780730897,60.497835497835496,14.201149425287356,28.326612903225808,71.16756756756757,16.292857142857144,20.82051282051282,0,1,1,Northern Africa and Western Asia
Jordan,2018.0,3115,90.0,44.0,40.0,98.0,1.0,24.920265780730897,60.497835497835496,14.201149425287356,28.326612903225808,71.16756756756757,16.292857142857144,20.82051282051282,0,1,1,Northern Africa and Western Asia
Jordan,2019.0,3147,91.0,44.0,40.0,61.92619926199262,15.381578947368421,24.920265780730897,60.497835497835496,14.201149425287356,28.326612903225808,71.16756756756757,16.292857142857144,20.82051282051282,0,1,1,Northern Africa and Western Asia
Jordan,2021.0,3207,91.0,43.0,40.0,61.92619926199262,15.381578947368421,24.920265780730897,60.497835497835496,14.201149425287356,28.326612903225808,71.16756756756757,16.292857142857144,20.82051282051282,0,1,1,Northern Africa and Western Asia
Kenya,2016.0,19235,26.0,41.0,36.0,61.92619926199262,15.381578947368421,24.0,60.497835497835496,14.201149425287356,26.0,71.16756756756757,16.292857142857144,19.0,1,2,2,Sub-Saharan Africa
Kenya,2017.0,19521,26.0,41.0,36.0,61.92619926199262,15.381578947368421,24.0,60.497835497835496,14.201149425287356,26.0,71.16756756756757,16.292857142857144,19.0,1,2,2,Sub-Saharan Africa
Kenya,2018.0,19771,27.0,41.0,37.0,61.92619926199262,15.381578947368421,24.0,60.497835497835496,14.201149425287356,26.0,71.16756756756757,16.292857142857144,19.0,1,2,2,Sub-Saharan Africa
Kenya,2019.0,20005,27.0,41.0,37.0,61.92619926199262,15.381578947368421,24.920265780730897,60.497835497835496,14.201149425287356,28.326612903225808,71.16756756756757,16.292857142857144,20.82051282051282,1,2,2,Sub-Saharan Africa
Kenya,2021.0,20701,28.0,40.0,37.0,61.92619926199262,15.381578947368421,24.920265780730897,60.497835497835496,14.201149425287356,28.326612903225808,71.16756756756757,16.292857142857144,20.82051282051282,1,2,2,Sub-Saharan Africa
Kuwait,2016.0,704,100.0,38.0,44.0,61.92619926199262,15.381578947368421,24.920265780730897,60.497835497835496,14.201149425287356,28.326612903225808,71.16756756756757,16.292857142857144,20.82051282051282,0,1,1,Northern Africa and Western Asia
Kuwait,2017.0,732,100.0,39.0,43.0,61.92619926199262,15.381578947368421,24.920265780730897,60.497835497835496,14.201149425287356,28.326612903225808,71.16756756756757,16.292857142857144,20.82051282051282,0,1,1,Northern Africa and Western Asia
Kuwait,2018.0,758,100.0,39.0,43.0,61.92619926199262,15.381578947368421,24.920265780730897,60.497835497835496,14.201149425287356,28.326612903225808,71.16756756756757,16.292857142857144,20.82051282051282,0,1,1,Northern Africa and Western Asia
Kuwait,2019.0,782,100.0,40.0,43.0,61.92619926199262,15.381578947368421,24.920265780730897,60.497835497835496,14.201149425287356,28.326612903225808,71.16756756756757,16.292857142857144,20.82051282051282,0,1,1,Northern Africa and Western Asia
Kuwait,2021.0,835,100.0,38.0,46.0,61.92619926199262,15.381578947368421,24.920265780730897,60.497835497835496,14.201149425287356,28.326612903225808,71.16756756756757,16.292857142857144,20.82051282051282,0,1,1,Northern Africa and Western Asia
Kyrgyzstan,2016.0,1696,35.0,26.0,41.0,61.92619926199262,15.381578947368421,24.920265780730897,60.497835497835496,14.201149425287356,28.326612903225808,71.16756756756757,16.292857142857144,20.82051282051282,3,4,4,Central and Southern Asia
Kyrgyzstan,2017.0,1744,36.0,26.0,40.0,61.92619926199262,15.381578947368421,24.920265780730897,60.497835497835496,14.201149425287356,28.326612903225808,71.16756756756757,16.292857142857144,20.82051282051282,3,4,4,Central and Southern Asia
Kyrgyzstan,2018.0,1804,36.0,27.0,39.0,61.92619926199262,15.381578947368421,24.920265780730897,60.497835497835496,14.201149425287356,28.326612903225808,71.16756756756757,16.292857142857144,20.82051282051282,3,4,4,Central and Southern Asia
Kyrgyzstan,2019.0,1872,36.0,27.0,38.0,61.92619926199262,15.381578947368421,24.920265780730897,60.497835497835496,14.201149425287356,28.326612903225808,71.16756756756757,16.292857142857144,20.82051282051282,3,4,4,Central and Southern Asia
Kyrgyzstan,2021.0,1997,37.0,29.0,38.0,61.92619926199262,15.381578947368421,24.920265780730897,60.497835497835496,14.201149425287356,28.326612903225808,71.16756756756757,16.292857142857144,20.82051282051282,3,4,4,Central and Southern Asia
Lao People's Democratic Republic,2016.0,2228,33.0,33.0,45.0,56.0,10.0,32.0,56.0,10.0,32.0,71.16756756756757,16.292857142857144,20.82051282051282,5,6,5,Eastern and South-Eastern Asia
Lao People's Democratic Republic,2017.0,2235,34.0,34.0,44.0,56.0,10.0,32.0,56.0,10.0,32.0,71.16756756756757,16.292857142857144,20.82051282051282,5,6,5,Eastern and South-Eastern Asia
Lao People's Democratic Republic,2018.0,2241,35.0,34.0,44.0,56.0,10.0,32.0,56.0,10.0,32.0,71.16756756756757,16.292857142857144,20.82051282051282,5,6,5,Eastern and South-Eastern Asia
Lao People's Democratic Republic,2019.0,2247,35.0,34.0,45.0,56.0,10.0,32.0,56.0,10.0,32.0,71.16756756756757,16.292857142857144,20.82051282051282,5,6,5,Eastern and South-Eastern Asia
Lao People's Democratic Republic,2021.0,2269,36.0,33.0,45.0,56.0,10.0,32.0,56.0,10.0,32.0,71.16756756756757,16.292857142857144,20.82051282051282,5,6,5,Eastern and South-Eastern Asia
Lebanon,2016.0,1816,88.0,36.0,43.0,59.0,15.381578947368421,39.0,59.0,3.0,37.0,60.0,2.0,36.0,0,1,1,Northern Africa and Western Asia
Lebanon,2017.0,1833,88.0,36.0,43.0,59.0,15.381578947368421,39.0,59.0,3.0,37.0,60.0,2.0,36.0,0,1,1,Northern Africa and Western Asia
Lebanon,2018.0,1833,88.0,36.0,43.0,59.0,15.381578947368421,39.0,59.0,3.0,37.0,60.0,2.0,36.0,0,1,1,Northern Africa and Western Asia
Lebanon,2019.0,1822,88.0,37.0,42.0,59.0,15.381578947368421,39.0,59.0,3.0,37.0,60.0,2.0,36.0,0,1,1,Northern Africa and Western Asia
Lebanon,2021.0,1774,89.0,37.0,43.0,59.0,15.381578947368421,39.0,59.0,3.0,37.0,60.0,2.0,36.0,0,1,1,Northern Africa and Western Asia
Lesotho,2016.0,664,27.0,46.0,33.0,61.92619926199262,15.381578947368421,24.920265780730897,60.497835497835496,14.201149425287356,28.326612903225808,71.16756756756757,16.292857142857144,20.82051282051282,1,2,2,Sub-Saharan Africa
Lesotho,2017.0,665,27.0,45.0,33.0,61.92619926199262,15.381578947368421,24.920265780730897,60.497835497835496,14.201149425287356,28.326612903225808,71.16756756756757,16.292857142857144,20.82051282051282,1,2,2,Sub-Saharan Africa
Lesotho,2018.0,666,28.0,45.0,32.0,61.92619926199262,15.381578947368421,24.920265780730897,60.497835497835496,14.201149425287356,28.326612903225808,71.16756756756757,16.292857142857144,20.82051282051282,1,2,2,Sub-Saharan Africa
Lesotho,2019.0,665,28.0,45.0,32.0,61.92619926199262,15.381578947368421,24.920265780730897,60.497835497835496,14.201149425287356,28.326612903225808,71.16756756756757,16.292857142857144,20.82051282051282,1,2,2,Sub-Saharan Africa
Lesotho,2021.0,655,29.0,46.0,32.0,61.92619926199262,15.381578947368421,24.920265780730897,60.497835497835496,14.201149425287356,28.326612903225808,71.16756756756757,16.292857142857144,20.82051282051282,1,2,2,Sub-Saharan Africa
Liberia,2016.0,1752,50.0,41.0,35.0,50.0,4.0,45.0,44.0,13.0,42.0,64.0,9.0,25.0,1,5,2,Sub-Saharan Africa
Liberia,2017.0,1791,50.0,41.0,35.0,50.0,3.0,46.0,44.0,13.0,42.0,64.0,10.0,24.0,1,5,2,Sub-Saharan Africa
Liberia,2018.0,1829,51.0,41.0,35.0,50.0,1.0,47.0,44.0,13.0,42.0,64.0,10.0,24.0,1,5,2,Sub-Saharan Africa
Liberia,2019.0,1864,51.0,41.0,36.0,50.0,1.0,47.0,44.0,13.0,42.0,64.0,10.0,24.0,1,5,2,Sub-Saharan Africa
Liberia,2021.0,1948,52.0,40.0,36.0,50.0,1.0,47.0,44.0,14.201149425287356,28.326612903225808,64.0,10.0,24.0,1,5,2,Sub-Saharan Africa
Libya,2016.0,1649,79.0,44.0,40.0,17.0,67.0,16.0,60.497835497835496,14.201149425287356,28.326612903225808,71.16756756756757,16.292857142857144,20.82051282051282,0,1,1,Northern Africa and Western Asia
Libya,2017.0,1665,79.0,44.0,39.0,17.0,67.0,16.0,60.497835497835496,14.201149425287356,28.326612903225808,71.16756756756757,16.292857142857144,20.82051282051282,0,1,1,Northern Africa and Western Asia
Libya,2018.0,1688,80.0,44.0,39.0,17.0,67.0,16.0,60.497835497835496,14.201149425287356,28.326612903225808,71.16756756756757,16.292857142857144,20.82051282051282,0,1,1,Northern Africa and Western Asia
Libya,2019.0,1713,80.0,44.0,39.0,17.0,67.0,16.0,60.497835497835496,14.201149425287356,28.326612903225808,71.16756756756757,16.292857142857144,20.82051282051282,0,1,1,Northern Africa and Western Asia
Libya,2021.0,1762,80.0,44.0,40.0,17.0,67.0,16.0,60.497835497835496,14.201149425287356,28.326612903225808,71.16756756756757,16.292857142857144,20.82051282051282,0,1,1,Northern Africa and Western Asia
Madagascar,2016.0,9500,35.0,34.0,42.0,33.0,15.381578947368421,66.0,30.0,14.201149425287356,69.0,71.16756756756757,16.292857142857144,72.0,1,2,2,Sub-Saharan Africa
Madagascar,2017.0,9679,36.0,34.0,42.0,35.0,15.381578947368421,64.0,33.0,14.201149425287356,66.0,71.16756756756757,16.292857142857144,74.0,1,2,2,Sub-Saharan Africa
Madagascar,2018.0,9856,37.0,34.0,43.0,37.0,15.381578947368421,62.0,36.0,14.201149425287356,63.0,71.16756756756757,16.292857142857144,74.0,1,2,2,Sub-Saharan Africa
Madagascar,2019.0,10033,37.0,34.0,43.0,37.0,15.381578947368421,62.0,36.0,14.201149425287356,63.0,71.16756756756757,16.292857142857144,74.0,1,2,2,Sub-Saharan Africa
Madagascar,2021.0,10389,39.0,34.0,43.0,37.0,15.381578947368421,62.0,36.0,14.201149425287356,63.0,71.16756756756757,16.292857142857144,74.0,1,2,2,Sub-Saharan Africa
Malawi,2016.0,7037,16.0,42.0,34.0,77.0,10.0,11.0,87.0,14.201149425287356,12.0,81.0,10.0,7.0,1,2,2,Sub-Saharan Africa
Malawi,2017.0,7209,16.0,42.0,34.0,77.0,12.0,10.0,87.0,1.0,11.0,81.0,11.0,6.0,1,2,2,Sub-Saharan Africa
Malawi,2018.0,7364,16.0,42.0,35.0,77.0,13.0,8.0,87.0,2.0,9.0,81.0,12.0,6.0,1,2,2,Sub-Saharan Africa
Malawi,2019.0,7505,17.0,42.0,35.0,77.0,14.0,7.0,87.0,4.0,8.0,81.0,13.0,5.0,1,2,2,Sub-Saharan Africa
Malawi,2021.0,7987,17.0,40.0,36.0,77.0,15.0,6.0,87.0,5.0,7.0,81.0,14.0,4.0,1,2,2,Sub-Saharan Africa
Maldives,2016.0,95,38.0,46.0,29.0,61.92619926199262,15.381578947368421,24.920265780730897,60.497835497835496,14.201149425287356,28.326612903225808,71.16756756756757,16.292857142857144,20.82051282051282,4,0,0,Central and Southern Asia
Maldives,2017.0,97,39.0,48.0,28.0,61.92619926199262,15.381578947368421,24.920265780730897,60.497835497835496,14.201149425287356,28.326612903225808,71.16756756756757,16.292857142857144,20.82051282051282,4,0,0,Central and Southern Asia
Maldives,2018.0,98,39.0,49.0,27.0,61.92619926199262,15.381578947368421,24.920265780730897,60.497835497835496,14.201149425287356,28.326612903225808,71.16756756756757,16.292857142857144,20.82051282051282,4,0,0,Central and Southern Asia
Maldives,2019.0,99,40.0,50.0,26.0,61.92619926199262,15.381578947368421,24.920265780730897,60.497835497835496,14.201149425287356,28.326612903225808,71.16756756756757,16.292857142857144,20.82051282051282,4,0,0,Central and Southern Asia
Maldives,2021.0,104,41.0,49.0,28.0,61.92619926199262,15.381578947368421,24.920265780730897,60.497835497835496,14.201149425287356,28.326612903225808,71.16756756756757,16.292857142857144,20.82051282051282,4,0,0,Central and Southern Asia
Mali,2016.0,7850,40.0,38.0,30.0,70.0,3.0,26.0,70.0,2.0,27.0,71.16756756756757,16.292857142857144,52.0,1,5,2,Sub-Saharan Africa
Mali,2017.0,7461,41.0,42.0,32.0,70.0,10.0,19.0,70.0,10.0,18.0,71.16756756756757,16.292857142857144,52.0,1,5,2,Sub-Saharan Africa
Mali,2018.0,7710,42.0,42.0,33.0,70.0,16.0,12.0,70.0,19.0,10.0,71.16756756756757,16.292857142857144,52.0,1,5,2,Sub-Saharan Africa
Mali,2019.0,7957,43.0,42.0,33.0,70.0,23.0,6.0,70.0,27.0,2.0,71.16756756756757,16.292857142857144,20.82051282051282,1,5,2,Sub-Saharan Africa
Mali,2021.0,8736,44.0,40.0,33.0,70.0,23.0,6.0,70.0,27.0,2.0,71.16756756756757,16.292857142857144,20.82051282051282,1,5,2,Sub-Saharan Africa
Mexico,2016.0,33538,79.0,40.0,39.0,61.0,22.0,15.0,61.0,21.0,16.0,49.0,36.0,14.0,2,3,3,Latin America and the Caribbean
Mexico,2017.0,33557,79.0,39.0,40.0,61.0,22.0,15.0,61.0,21.0,16.0,49.0,36.0,14.0,2,3,3,Latin America and the Caribbean
Mexico,2018.0,33591,80.0,39.0,40.0,61.0,22.0,15.0,61.0,21.0,16.0,49.0,36.0,14.0,2,3,3,Latin America and the Caribbean
Mexico,2019.0,33617,80.0,39.0,40.0,61.92619926199262,15.381578947368421,15.0,60.497835497835496,14.201149425287356,16.0,49.0,36.0,14.0,2,3,3,Latin America and the Caribbean
Mexico,2021.0,33823,81.0,39.0,39.0,61.92619926199262,15.381578947368421,24.920265780730897,60.497835497835496,14.201149425287356,28.326612903225808,71.16756756756757,16.292857142857144,20.82051282051282,2,3,3,Latin America and the Caribbean
Mongolia,2016.0,845,68.0,31.0,36.0,74.0,23.0,1.0,72.0,23.0,3.0,73.0,25.0,1.0,5,6,5,Eastern and South-Eastern Asia
Mongolia,2017.0,874,68.0,32.0,35.0,74.0,23.0,1.0,72.0,23.0,3.0,73.0,25.0,1.0,5,6,5,Eastern and South-Eastern Asia
Mongolia,2018.0,907,68.0,32.0,34.0,74.0,23.0,1.0,72.0,23.0,3.0,73.0,25.0,1.0,5,6,5,Eastern and South-Eastern Asia
Mongolia,2019.0,940,68.0,33.0,34.0,74.0,23.0,1.0,72.0,23.0,3.0,73.0,25.0,1.0,5,6,5,Eastern and South-Eastern Asia
Mongolia,2021.0,1009,68.0,34.0,34.0,74.0,23.0,1.0,72.0,23.0,3.0,73.0,25.0,1.0,5,6,5,Eastern and South-Eastern Asia
Mozambique,2016.0,11575,34.0,48.0,28.0,61.92619926199262,15.381578947368421,69.0,60.497835497835496,14.201149425287356,69.0,71.16756756756757,16.292857142857144,20.82051282051282,1,2,2,Sub-Saharan Africa
Mozambique,2017.0,11886,35.0,47.0,28.0,61.92619926199262,15.381578947368421,69.0,60.497835497835496,14.201149425287356,69.0,71.16756756756757,16.292857142857144,20.82051282051282,1,2,2,Sub-Saharan Africa
Mozambique,2018.0,12197,35.0,47.0,29.0,61.92619926199262,15.381578947368421,69.0,60.497835497835496,14.201149425287356,69.0,71.16756756756757,16.292857142857144,20.82051282051282,1,2,2,Sub-Saharan Africa
Mozambique,2019.0,12499,36.0,47.0,29.0,61.92619926199262,15.381578947368421,24.920265780730897,60.497835497835496,14.201149425287356,28.326612903225808,71.16756756756757,16.292857142857144,20.82051282051282,1,2,2,Sub-Saharan Africa
Mozambique,2021.0,13096,37.0,47.0,29.0,61.92619926199262,15.381578947368421,24.920265780730897,60.497835497835496,14.201149425287356,28.326612903225808,71.16756756756757,16.292857142857144,20.82051282051282,1,2,2,Sub-Saharan Africa
Namibia,2016.0,741,47.0,50.0,33.0,77.0,11.0,10.0,60.497835497835496,14.201149425287356,28.326612903225808,71.16756756756757,16.292857142857144,20.82051282051282,1,2,2,Sub-Saharan Africa
Namibia,2017.0,752,49.0,50.0,32.0,77.0,12.0,9.0,60.497835497835496,14.201149425287356,28.326612903225808,71.16756756756757,16.292857142857144,20.82051282051282,1,2,2,Sub-Saharan Africa
Namibia,2018.0,765,50.0,51.0,31.0,61.92619926199262,15.381578947368421,24.920265780730897,60.497835497835496,14.201149425287356,28.326612903225808,71.16756756756757,16.292857142857144,20.82051282051282,1,2,2,Sub-Saharan Africa
Namibia,2019.0,780,51.0,52.0,31.0,61.92619926199262,15.381578947368421,24.920265780730897,60.497835497835496,14.201149425287356,28.326612903225808,71.16756756756757,16.292857142857144,20.82051282051282,1,2,2,Sub-Saharan Africa
Namibia,2021.0,807,53.0,52.0,31.0,61.92619926199262,15.381578947368421,24.920265780730897,60.497835497835496,14.201149425287356,28.326612903225808,71.16756756756757,16.292857142857144,20.82051282051282,1,2,2,Sub-Saharan Africa
Nauru,2016.0,3,100.0,41.0,34.0,61.92619926199262,15.381578947368421,24.920265780730897,60.497835497835496,14.201149425287356,28.326612903225808,71.16756756756757,16.292857142857144,20.82051282051282,5,6,5,Oceania
Nauru,2017.0,3,100.0,41.0,34.0,61.92619926199262,15.381578947368421,24.920265780730897,60.497835497835496,14.201149425287356,28.326612903225808,71.16756756756757,16.292857142857144,20.82051282051282,5,6,5,Oceania
Nauru,2018.0,3,100.0,42.0,34.0,61.92619926199262,15.381578947368421,24.920265780730897,60.497835497835496,14.201149425287356,28.326612903225808,71.16756756756757,16.292857142857144,20.82051282051282,5,6,5,Oceania
Nauru,2019.0,3,100.0,42.0,34.0,61.92619926199262,15.381578947368421,24.920265780730897,60.497835497835496,14.201149425287356,28.326612903225808,71.16756756756757,16.292857142857144,20.82051282051282,5,6,5,Oceania
Nauru,2021.0,3,100.0,42.0,35.0,61.92619926199262,15.381578947368421,24.920265780730897,60.497835497835496,14.201149425287356,28.326612903225808,71.16756756756757,16.292857142857144,20.82051282051282,5,6,5,Oceania
Nepal,2016.0,8698,18.0,33.0,53.0,46.0,30.0,22.0,39.0,14.201149425287356,28.326612903225808,76.0,16.292857142857144,20.82051282051282,4,0,0,Central and Southern Asia
Nepal,2017.0,8479,19.0,33.0,53.0,46.0,32.0,20.0,39.0,14.201149425287356,28.326612903225808,76.0,16.292857142857144,20.82051282051282,4,0,0,Central and Southern Asia
Nepal,2018.0,8323,19.0,33.0,52.0,46.0,32.0,20.0,39.0,14.201149425287356,28.326612903225808,76.0,16.292857142857144,20.82051282051282,4,0,0,Central and Southern Asia
Nepal,2019.0,8208,20.0,34.0,52.0,46.0,32.0,20.0,39.0,14.201149425287356,28.326612903225808,76.0,16.292857142857144,20.82051282051282,4,0,0,Central and Southern Asia
Nepal,2021.0,7804,21.0,35.0,53.0,46.0,32.0,20.0,39.0,14.201149425287356,28.326612903225808,76.0,16.292857142857144,20.82051282051282,4,0,0,Central and Southern Asia
Nicaragua,2016.0,1789,58.0,43.0,34.0,53.0,16.0,29.0,60.497835497835496,14.201149425287356,31.0,71.16756756756757,16.292857142857144,20.82051282051282,2,3,3,Latin America and the Caribbean
Nicaragua,2017.0,1793,58.0,43.0,34.0,53.0,17.0,28.0,60.497835497835496,14.201149425287356,31.0,71.16756756756757,16.292857142857144,20.82051282051282,2,3,3,Latin America and the Caribbean
Nicaragua,2018.0,1797,58.0,43.0,34.0,53.0,17.0,28.0,60.497835497835496,14.201149425287356,31.0,71.16756756756757,16.292857142857144,20.82051282051282,2,3,3,Latin America and the Caribbean
Nicaragua,2019.0,1802,58.0,43.0,34.0,53.0,18.0,27.0,60.497835497835496,14.201149425287356,31.0,71.16756756756757,16.292857142857144,20.82051282051282,2,3,3,Latin America and the Caribbean
Nicaragua,2021.0,1763,59.0,44.0,35.0,53.0,18.0,27.0,60.497835497835496,14.201149425287356,28.326612903225808,71.16756756756757,16.292857142857144,20.82051282051282,2,3,3,Latin America and the Caribbean
Nigeria,2016.0,60394,48.0,50.0,40.0,34.0,15.0,49.0,30.0,16.0,52.0,48.0,19.0,31.0,1,5,2,Sub-Saharan Africa
Nigeria,2017.0,62149,49.0,49.0,40.0,34.0,17.0,48.0,30.0,17.0,51.0,48.0,19.0,31.0,1,5,2,Sub-Saharan Africa
Nigeria,2018.0,63961,50.0,49.0,40.0,34.0,19.0,46.0,30.0,19.0,49.0,48.0,19.0,31.0,1,5,2,Sub-Saharan Africa
Nigeria,2019.0,65792,51.0,49.0,40.0,34.0,20.0,44.0,30.0,20.0,48.0,48.0,19.0,31.0,1,5,2,Sub-Saharan Africa
Nigeria,2021.0,69320,52.0,49.0,41.0,34.0,24.0,40.0,30.0,22.0,46.0,48.0,19.0,31.0,1,5,2,Sub-Saharan Africa
Niue,2016.0,0,43.0,43.0,49.0,61.92619926199262,15.381578947368421,24.920265780730897,60.497835497835496,14.201149425287356,28.326612903225808,71.16756756756757,16.292857142857144,20.82051282051282,5,6,5,Oceania
Niue,2017.0,0,44.0,43.0,49.0,61.92619926199262,15.381578947368421,24.920265780730897,60.497835497835496,14.201149425287356,28.326612903225808,71.16756756756757,16.292857142857144,20.82051282051282,5,6,5,Oceania
Niue,2018.0,0,44.0,43.0,49.0,61.92619926199262,15.381578947368421,24.920265780730897,60.497835497835496,14.201149425287356,28.326612903225808,71.16756756756757,16.292857142857144,20.82051282051282,5,6,5,Oceania
Niue,2019.0,0,45.0,43.0,49.0,61.92619926199262,15.381578947368421,24.920265780730897,60.497835497835496,14.201149425287356,28.326612903225808,71.16756756756757,16.292857142857144,20.82051282051282,5,6,5,Oceania
Niue,2021.0,0,46.0,44.0,48.0,61.92619926199262,15.381578947368421,24.920265780730897,60.497835497835496,14.201149425287356,28.326612903225808,71.16756756756757,16.292857142857144,20.82051282051282,5,6,5,Oceania
Oman,2016.0,750,82.0,45.0,36.0,97.0,1.0,1.0,60.497835497835496,14.201149425287356,28.326612903225808,71.16756756756757,16.292857142857144,20.82051282051282,0,1,1,Northern Africa and Western Asia
Oman,2017.0,785,83.0,45.0,35.0,97.0,1.0,24.920265780730897,60.497835497835496,14.201149425287356,28.326612903225808,71.16756756756757,16.292857142857144,20.82051282051282,0,1,1,Northern Africa and Western Asia
Oman,2018.0,817,84.0,32.0,48.0,98.0,1.0,24.920265780730897,60.497835497835496,14.201149425287356,28.326612903225808,71.16756756756757,16.292857142857144,20.82051282051282,0,1,1,Northern Africa and Western Asia
Oman,2019.0,846,85.0,33.0,48.0,98.0,1.0,24.920265780730897,60.497835497835496,14.201149425287356,28.326612903225808,71.16756756756757,16.292857142857144,20.82051282051282,0,1,1,Northern Africa and Western Asia
Oman,2021.0,888,87.0,33.0,50.0,61.92619926199262,15.381578947368421,24.920265780730897,60.497835497835496,14.201149425287356,28.326612903225808,71.16756756756757,16.292857142857144,20.82051282051282,0,1,1,Northern Africa and Western Asia
Papua New Guinea,2016.0,3072,13.0,38.0,34.0,46.0,6.0,46.0,45.0,6.0,47.0,65.0,23.0,11.0,5,6,5,Oceania
Papua New Guinea,2017.0,3110,13.0,38.0,34.0,46.0,6.0,46.0,45.0,6.0,47.0,65.0,23.0,11.0,5,6,5,Oceania
Papua New Guinea,2018.0,3146,13.0,38.0,35.0,46.0,6.0,46.0,45.0,6.0,47.0,65.0,23.0,11.0,5,6,5,Oceania
Papua New Guinea,2019.0,3390,13.0,41.0,33.0,46.0,6.0,46.0,45.0,6.0,47.0,65.0,23.0,11.0,5,6,5,Oceania
Papua New Guinea,2021.0,3570,13.0,40.0,32.0,46.0,6.0,46.0,45.0,6.0,47.0,65.0,23.0,11.0,5,6,5,Oceania
Peru,2016.0,7876,77.0,44.0,34.0,70.0,9.0,19.0,69.0,10.0,19.0,75.0,9.0,15.0,2,3,3,Latin America and the Caribbean
Peru,2017.0,7715,77.0,44.0,34.0,72.0,9.0,18.0,71.0,10.0,18.0,75.0,10.0,14.0,2,3,3,Latin America and the Caribbean
Peru,2018.0,7558,77.0,44.0,34.0,73.0,9.0,17.0,72.0,9.0,17.0,75.0,10.0,14.0,2,3,3,Latin America and the Caribbean
Peru,2019.0,7458,78.0,43.0,34.0,74.0,8.0,16.0,74.0,8.0,16.0,75.0,10.0,13.0,2,3,3,Latin America and the Caribbean
Peru,2021.0,7442,78.0,42.0,35.0,76.0,8.0,14.0,77.0,7.0,15.0,75.0,11.0,12.0,2,3,3,Latin America and the Caribbean
Philippines,2016.0,23563,46.0,55.0,35.0,41.0,15.0,43.0,40.0,15.0,44.0,47.0,14.0,37.0,5,6,5,Eastern and South-Eastern Asia
Philippines,2017.0,25761,46.0,50.0,40.0,42.0,18.0,39.0,41.0,18.0,40.0,46.0,17.0,35.0,5,6,5,Eastern and South-Eastern Asia
Philippines,2018.0,28013,46.0,47.0,44.0,42.0,20.0,36.0,42.0,20.0,37.0,46.0,20.0,32.0,5,6,5,Eastern and South-Eastern Asia
Philippines,2019.0,28240,47.0,47.0,44.0,43.0,23.0,32.0,42.0,23.0,33.0,46.0,23.0,30.0,5,6,5,Eastern and South-Eastern Asia
Philippines,2021.0,26980,47.0,49.0,41.0,44.0,28.0,26.0,44.0,29.0,26.0,46.0,28.0,25.0,5,6,5,Eastern and South-Eastern Asia
Qatar,2016.0,317,99.0,42.0,32.0,61.92619926199262,15.381578947368421,24.920265780730897,60.497835497835496,14.201149425287356,28.326612903225808,71.16756756756757,16.292857142857144,20.82051282051282,0,1,1,Northern Africa and Western Asia
Qatar,2017.0,340,99.0,41.0,34.0,61.92619926199262,15.381578947368421,24.920265780730897,60.497835497835496,14.201149425287356,28.326612903225808,71.16756756756757,16.292857142857144,20.82051282051282,0,1,1,Northern Africa and Western Asia
Qatar,2018.0,353,99.0,41.0,35.0,61.92619926199262,15.381578947368421,24.920265780730897,60.497835497835496,14.201149425287356,28.326612903225808,71.16756756756757,16.292857142857144,20.82051282051282,0,1,1,Northern Africa and Western Asia
Qatar,2019.0,359,99.0,42.0,34.0,61.92619926199262,15.381578947368421,24.920265780730897,60.497835497835496,14.201149425287356,28.326612903225808,71.16756756756757,16.292857142857144,20.82051282051282,0,1,1,Northern Africa and Western Asia
Qatar,2021.0,374,99.0,42.0,33.0,61.92619926199262,15.381578947368421,24.920265780730897,60.497835497835496,14.201149425287356,28.326612903225808,71.16756756756757,16.292857142857144,20.82051282051282,0,1,1,Northern Africa and Western Asia
Saint Kitts and Nevis,2016.0,10,30.0,48.0,37.0,83.0,15.381578947368421,24.920265780730897,78.0,14.201149425287356,28.326612903225808,71.16756756756757,16.292857142857144,20.82051282051282,2,3,3,Latin America and the Caribbean
Saint Kitts and Nevis,2017.0,10,30.0,48.0,37.0,83.0,15.381578947368421,24.920265780730897,78.0,14.201149425287356,28.326612903225808,71.16756756756757,16.292857142857144,20.82051282051282,2,3,3,Latin America and the Caribbean
Saint Kitts and Nevis,2018.0,10,30.0,49.0,36.0,83.0,15.381578947368421,24.920265780730897,78.0,14.201149425287356,28.326612903225808,71.16756756756757,16.292857142857144,20.82051282051282,2,3,3,Latin America and the Caribbean
Saint Kitts and Nevis,2019.0,10,30.0,49.0,36.0,83.0,15.381578947368421,24.920265780730897,78.0,14.201149425287356,28.326612903225808,71.16756756756757,16.292857142857144,20.82051282051282,2,3,3,Latin America and the Caribbean
Saint Kitts and Nevis,2021.0,9,30.0,50.0,36.0,61.92619926199262,15.381578947368421,24.920265780730897,60.497835497835496,14.201149425287356,28.326612903225808,71.16756756756757,16.292857142857144,20.82051282051282,2,3,3,Latin America and the Caribbean
Saint Lucia,2016.0,34,18.0,46.0,41.0,61.92619926199262,15.381578947368421,24.920265780730897,98.0,1.0,28.326612903225808,71.16756756756757,16.292857142857144,20.82051282051282,2,3,3,Latin America and the Caribbean
Saint Lucia,2017.0,33,18.0,46.0,40.0,61.92619926199262,15.381578947368421,24.920265780730897,99.0,1.0,28.326612903225808,71.16756756756757,16.292857142857144,20.82051282051282,2,3,3,Latin America and the Caribbean
Saint Lucia,2018.0,33,18.0,46.0,39.0,61.92619926199262,15.381578947368421,24.920265780730897,60.497835497835496,14.201149425287356,28.326612903225808,71.16756756756757,16.292857142857144,20.82051282051282,2,3,3,Latin America and the Caribbean
Saint Lucia,2019.0,32,18.0,47.0,39.0,61.92619926199262,15.381578947368421,24.920265780730897,60.497835497835496,14.201149425287356,28.326612903225808,71.16756756756757,16.292857142857144,20.82051282051282,2,3,3,Latin America and the Caribbean
Saint Lucia,2021.0,30,18.0,49.0,38.0,61.92619926199262,15.381578947368421,24.920265780730897,60.497835497835496,14.201149425287356,28.326612903225808,71.16756756756757,16.292857142857144,20.82051282051282,2,3,3,Latin America and the Caribbean
Saint Vincent and the Grenadines,2016.0,24,51.0,48.0,38.0,61.92619926199262,15.381578947368421,24.920265780730897,60.497835497835496,14.201149425287356,28.326612903225808,98.0,1.0,20.82051282051282,2,3,3,Latin America and the Caribbean
Saint Vincent and the Grenadines,2017.0,24,51.0,48.0,38.0,61.92619926199262,15.381578947368421,24.920265780730897,60.497835497835496,14.201149425287356,28.326612903225808,98.0,1.0,20.82051282051282,2,3,3,Latin America and the Caribbean
Saint Vincent and the Grenadines,2018.0,24,52.0,48.0,37.0,61.92619926199262,15.381578947368421,24.920265780730897,60.497835497835496,14.201149425287356,28.326612903225808,98.0,1.0,20.82051282051282,2,3,3,Latin America and the Caribbean
Saint Vincent and the Grenadines,2019.0,23,52.0,48.0,37.0,61.92619926199262,15.381578947368421,24.920265780730897,60.497835497835496,14.201149425287356,28.326612903225808,98.0,1.0,20.82051282051282,2,3,3,Latin America and the Caribbean
Saint Vincent and the Grenadines,2021.0,23,53.0,49.0,37.0,61.92619926199262,15.381578947368421,24.920265780730897,60.497835497835496,14.201149425287356,28.326612903225808,98.0,1.0,20.82051282051282,2,3,3,Latin America and the Caribbean
Samoa,2016.0,69,18.0,43.0,40.0,61.92619926199262,15.381578947368421,24.920265780730897,60.497835497835496,14.201149425287356,28.326612903225808,71.16756756756757,16.292857142857144,20.82051282051282,5,6,5,Oceania
Samoa,2017.0,69,18.0,43.0,40.0,61.92619926199262,15.381578947368421,24.920265780730897,60.497835497835496,14.201149425287356,28.326612903225808,71.16756756756757,16.292857142857144,20.82051282051282,5,6,5,Oceania
Samoa,2018.0,69,18.0,43.0,41.0,61.92619926199262,15.381578947368421,24.920265780730897,60.497835497835496,14.201149425287356,28.326612903225808,71.16756756756757,16.292857142857144,20.82051282051282,5,6,5,Oceania
Samoa,2019.0,69,18.0,42.0,42.0,61.92619926199262,15.381578947368421,24.920265780730897,60.497835497835496,14.201149425287356,28.326612903225808,71.16756756756757,16.292857142857144,20.82051282051282,5,6,5,Oceania
Samoa,2021.0,70,17.0,41.0,43.0,61.92619926199262,15.381578947368421,24.920265780730897,60.497835497835496,14.201149425287356,28.326612903225808,71.16756756756757,16.292857142857144,20.82051282051282,5,6,5,Oceania
Saudi Arabia,2016.0,7761,83.0,41.0,36.0,61.92619926199262,15.381578947368421,24.920265780730897,60.497835497835496,14.201149425287356,28.326612903225808,71.16756756756757,16.292857142857144,20.82051282051282,0,1,1,Northern Africa and Western Asia
Saudi Arabia,2017.0,7850,83.0,41.0,35.0,61.92619926199262,15.381578947368421,24.920265780730897,60.497835497835496,14.201149425287356,28.326612903225808,71.16756756756757,16.292857142857144,20.82051282051282,0,1,1,Northern Africa and Western Asia
Saudi Arabia,2018.0,7932,83.0,41.0,35.0,61.92619926199262,15.381578947368421,24.920265780730897,60.497835497835496,14.201149425287356,28.326612903225808,71.16756756756757,16.292857142857144,20.82051282051282,0,1,1,Northern Africa and Western Asia
Saudi Arabia,2019.0,8010,84.0,42.0,35.0,61.92619926199262,15.381578947368421,24.920265780730897,60.497835497835496,14.201149425287356,28.326612903225808,71.16756756756757,16.292857142857144,20.82051282051282,0,1,1,Northern Africa and Western Asia
Saudi Arabia,2021.0,8170,84.0,42.0,35.0,61.92619926199262,15.381578947368421,24.920265780730897,60.497835497835496,14.201149425287356,28.326612903225808,71.16756756756757,16.292857142857144,20.82051282051282,0,1,1,Northern Africa and Western Asia
Serbia,2016.0,1103,55.0,24.0,51.0,71.0,25.0,2.0,63.0,14.201149425287356,28.326612903225808,91.0,16.292857142857144,20.82051282051282,3,4,4,Europe and Northern America
Serbia,2017.0,1095,55.0,24.0,51.0,77.0,19.0,2.0,63.0,14.201149425287356,28.326612903225808,91.0,16.292857142857144,20.82051282051282,3,4,4,Europe and Northern America
Serbia,2018.0,1090,56.0,24.0,51.0,83.0,13.0,2.0,63.0,14.201149425287356,28.326612903225808,91.0,16.292857142857144,20.82051282051282,3,4,4,Europe and Northern America
Serbia,2019.0,1087,56.0,24.0,51.0,89.0,7.0,2.0,63.0,14.201149425287356,28.326612903225808,91.0,16.292857142857144,20.82051282051282,3,4,4,Europe and Northern America
Serbia,2021.0,1019,56.0,24.0,50.0,97.0,15.381578947368421,2.0,60.497835497835496,14.201149425287356,28.326612903225808,71.16756756756757,16.292857142857144,20.82051282051282,3,4,4,Europe and Northern America
Sierra Leone,2016.0,3020,41.0,39.0,38.0,61.0,21.0,17.0,52.0,14.201149425287356,47.0,66.0,16.292857142857144,33.0,1,5,2,Sub-Saharan Africa
Sierra Leone,2017.0,3020,41.0,39.0,38.0,60.0,15.0,24.0,52.0,14.201149425287356,47.0,66.0,16.292857142857144,33.0,1,5,2,Sub-Saharan Africa
Sierra Leone,2018.0,3073,42.0,39.0,39.0,59.0,10.0,30.0,52.0,14.201149425287356,47.0,66.0,16.292857142857144,33.0,1,5,2,Sub-Saharan Africa
Sierra Leone,2019.0,3123,42.0,39.0,39.0,58.0,4.0,36.0,52.0,14.201149425287356,47.0,66.0,16.292857142857144,33.0,1,5,2,Sub-Saharan Africa
Sierra Leone,2021.0,3255,43.0,38.0,39.0,49.0,15.381578947368421,50.0,52.0,14.201149425287356,47.0,66.0,16.292857142857144,33.0,1,5,2,Sub-Saharan Africa
Solomon Islands,2016.0,242,22.0,38.0,39.0,35.0,24.0,39.0,42.0,25.0,32.0,58.0,21.0,19.0,5,6,5,Oceania
Solomon Islands,2017.0,248,23.0,38.0,38.0,35.0,24.0,39.0,42.0,25.0,32.0,58.0,21.0,19.0,5,6,5,Oceania
Solomon Islands,2018.0,255,23.0,38.0,38.0,35.0,24.0,39.0,42.0,25.0,32.0,58.0,21.0,19.0,5,6,5,Oceania
Solomon Islands,2019.0,262,24.0,39.0,38.0,35.0,24.0,39.0,42.0,25.0,32.0,58.0,21.0,19.0,5,6,5,Oceania
Solomon Islands,2021.0,273,25.0,40.0,38.0,35.0,24.0,39.0,42.0,25.0,32.0,58.0,21.0,19.0,5,6,5,Oceania
South Africa,2016.0,16810,65.0,43.0,28.0,61.92619926199262,15.381578947368421,1.0,60.497835497835496,14.201149425287356,28.326612903225808,71.16756756756757,16.292857142857144,20.82051282051282,1,2,2,Sub-Saharan Africa
South Africa,2017.0,17015,65.0,44.0,28.0,61.92619926199262,15.381578947368421,24.920265780730897,60.497835497835496,14.201149425287356,28.326612903225808,71.16756756756757,16.292857142857144,20.82051282051282,1,2,2,Sub-Saharan Africa
South Africa,2018.0,17209,66.0,44.0,28.0,61.92619926199262,15.381578947368421,24.920265780730897,60.497835497835496,14.201149425287356,28.326612903225808,71.16756756756757,16.292857142857144,20.82051282051282,1,2,2,Sub-Saharan Africa
South Africa,2019.0,17411,66.0,44.0,28.0,61.92619926199262,15.381578947368421,24.920265780730897,60.497835497835496,14.201149425287356,28.326612903225808,71.16756756756757,16.292857142857144,20.82051282051282,1,2,2,Sub-Saharan Africa
South Africa,2021.0,17949,67.0,44.0,28.0,61.92619926199262,15.381578947368421,24.920265780730897,60.497835497835496,14.201149425287356,28.326612903225808,71.16756756756757,16.292857142857144,20.82051282051282,1,2,2,Sub-Saharan Africa
South Sudan,2016.0,4251,19.0,41.0,35.0,50.0,16.0,32.0,50.0,9.0,39.0,71.16756756756757,16.292857142857144,12.0,1,2,2,Sub-Saharan Africa
South Sudan,2017.0,4265,19.0,41.0,35.0,50.0,16.0,32.0,50.0,9.0,39.0,71.16756756756757,16.292857142857144,12.0,1,2,2,Sub-Saharan Africa
South Sudan,2018.0,4274,19.0,41.0,35.0,50.0,16.0,32.0,50.0,9.0,39.0,71.16756756756757,16.292857142857144,12.0,1,2,2,Sub-Saharan Africa
South Sudan,2019.0,4288,19.0,41.0,35.0,50.0,16.0,32.0,50.0,9.0,39.0,71.16756756756757,16.292857142857144,12.0,1,2,2,Sub-Saharan Africa
South Sudan,2021.0,4453,20.0,40.0,35.0,50.0,16.0,32.0,50.0,9.0,39.0,71.16756756756757,16.292857142857144,12.0,1,2,2,Sub-Saharan Africa
Sri Lanka,2016.0,5118,18.0,34.0,52.0,85.0,15.381578947368421,14.0,82.0,14.201149425287356,28.326612903225808,86.0,16.292857142857144,20.82051282051282,4,0,0,Central and Southern Asia
Sri Lanka,2017.0,5121,18.0,33.0,52.0,85.0,15.381578947368421,14.0,82.0,14.201149425287356,28.326612903225808,86.0,16.292857142857144,20.82051282051282,4,0,0,Central and Southern Asia
Sri Lanka,2018.0,5117,18.0,33.0,53.0,85.0,15.381578947368421,14.0,82.0,14.201149425287356,28.326612903225808,86.0,16.292857142857144,20.82051282051282,4,0,0,Central and Southern Asia
Sri Lanka,2019.0,5108,18.0,33.0,53.0,85.0,15.381578947368421,14.0,82.0,14.201149425287356,28.326612903225808,86.0,16.292857142857144,20.82051282051282,4,0,0,Central and Southern Asia
Sri Lanka,2021.0,5205,18.0,32.0,52.0,85.0,15.381578947368421,14.0,82.0,14.201149425287356,28.326612903225808,86.0,16.292857142857144,20.82051282051282,4,0,0,Central and Southern Asia
Sudan,2016.0,13152,34.0,47.0,35.0,43.0,33.0,23.0,43.0,29.0,26.0,71.16756756756757,16.292857142857144,6.0,0,1,2,Northern Africa and Western Asia
Sudan,2017.0,13395,34.0,47.0,35.0,43.0,30.0,25.0,43.0,28.0,28.0,71.16756756756757,16.292857142857144,6.0,0,1,2,Northern Africa and Western Asia
Sudan,2018.0,13634,34.0,47.0,35.0,43.0,27.0,28.0,43.0,26.0,30.0,71.16756756756757,16.292857142857144,20.82051282051282,0,1,2,Northern Africa and Western Asia
Sudan,2019.0,13869,34.0,47.0,35.0,43.0,25.0,31.0,43.0,24.0,32.0,71.16756756756757,16.292857142857144,20.82051282051282,0,1,2,Northern Africa and Western Asia
Sudan,2021.0,15282,35.0,44.0,39.0,43.0,19.0,36.0,43.0,20.0,36.0,71.16756756756757,16.292857142857144,20.82051282051282,0,1,2,Northern Africa and Western Asia
Syrian Arab Republic,2016.0,5837,52.0,40.0,37.0,48.0,49.0,2.0,49.0,48.0,2.0,49.0,48.0,1.0,0,1,1,Northern Africa and Western Asia
Syrian Arab Republic,2017.0,5574,53.0,41.0,37.0,48.0,49.0,2.0,49.0,48.0,2.0,49.0,48.0,1.0,0,1,1,Northern Africa and Western Asia
Syrian Arab Republic,2018.0,5344,54.0,41.0,37.0,48.0,49.0,2.0,49.0,48.0,2.0,49.0,48.0,1.0,0,1,1,Northern Africa and Western Asia
Syrian Arab Republic,2019.0,5176,54.0,41.0,37.0,48.0,49.0,2.0,49.0,48.0,2.0,49.0,48.0,1.0,0,1,1,Northern Africa and Western Asia
Syrian Arab Republic,2021.0,5324,56.0,38.0,37.0,48.0,49.0,2.0,49.0,48.0,2.0,49.0,48.0,1.0,0,1,1,Northern Africa and Western Asia
Tajikistan,2016.0,2773,26.0,26.0,41.0,78.0,7.0,13.0,60.497835497835496,14.201149425287356,28.326612903225808,71.16756756756757,16.292857142857144,20.82051282051282,3,4,4,Central and Southern Asia
Tajikistan,2017.0,2839,26.0,26.0,40.0,78.0,7.0,13.0,60.497835497835496,14.201149425287356,28.326612903225808,71.16756756756757,16.292857142857144,20.82051282051282,3,4,4,Central and Southern Asia
Tajikistan,2018.0,2921,27.0,27.0,39.0,78.0,7.0,13.0,60.497835497835496,14.201149425287356,28.326612903225808,71.16756756756757,16.292857142857144,20.82051282051282,3,4,4,Central and Southern Asia
Tajikistan,2019.0,3017,27.0,27.0,39.0,78.0,7.0,13.0,60.497835497835496,14.201149425287356,28.326612903225808,71.16756756756757,16.292857142857144,20.82051282051282,3,4,4,Central and Southern Asia
Tajikistan,2021.0,3228,27.0,28.0,38.0,78.0,7.0,13.0,60.497835497835496,14.201149425287356,28.326612903225808,71.16756756756757,16.292857142857144,20.82051282051282,3,4,4,Central and Southern Asia
Thailand,2016.0,12945,48.0,38.0,42.0,61.92619926199262,15.381578947368421,24.920265780730897,60.497835497835496,14.201149425287356,28.326612903225808,71.16756756756757,16.292857142857144,20.82051282051282,4,6,5,Eastern and South-Eastern Asia
Thailand,2017.0,12744,49.0,39.0,42.0,61.92619926199262,15.381578947368421,24.920265780730897,60.497835497835496,14.201149425287356,28.326612903225808,71.16756756756757,16.292857142857144,20.82051282051282,4,6,5,Eastern and South-Eastern Asia
Thailand,2018.0,12542,49.0,39.0,42.0,61.92619926199262,15.381578947368421,24.920265780730897,60.497835497835496,14.201149425287356,28.326612903225808,71.16756756756757,16.292857142857144,20.82051282051282,4,6,5,Eastern and South-Eastern Asia
Thailand,2019.0,12348,50.0,39.0,42.0,61.92619926199262,15.381578947368421,24.920265780730897,60.497835497835496,14.201149425287356,28.326612903225808,71.16756756756757,16.292857142857144,20.82051282051282,4,6,5,Eastern and South-Eastern Asia
Thailand,2021.0,11955,52.0,39.0,42.0,61.92619926199262,15.381578947368421,24.920265780730897,60.497835497835496,14.201149425287356,28.326612903225808,71.16756756756757,16.292857142857144,20.82051282051282,4,6,5,Eastern and South-Eastern Asia
Turkmenistan,2016.0,1532,50.0,27.0,49.0,61.92619926199262,15.381578947368421,24.920265780730897,60.497835497835496,14.201149425287356,28.326612903225808,71.16756756756757,16.292857142857144,20.82051282051282,3,4,4,Central and Southern Asia
Turkmenistan,2017.0,1571,51.0,27.0,48.0,61.92619926199262,15.381578947368421,24.920265780730897,60.497835497835496,14.201149425287356,28.326612903225808,71.16756756756757,16.292857142857144,20.82051282051282,3,4,4,Central and Southern Asia
Turkmenistan,2018.0,1625,51.0,27.0,47.0,61.92619926199262,15.381578947368421,24.920265780730897,60.497835497835496,14.201149425287356,28.326612903225808,71.16756756756757,16.292857142857144,20.82051282051282,3,4,4,Central and Southern Asia
Turkmenistan,2019.0,1684,52.0,28.0,46.0,61.92619926199262,15.381578947368421,24.920265780730897,60.497835497835496,14.201149425287356,28.326612903225808,71.16756756756757,16.292857142857144,20.82051282051282,3,4,4,Central and Southern Asia
Turkmenistan,2021.0,1774,52.0,29.0,46.0,61.92619926199262,15.381578947368421,24.920265780730897,60.497835497835496,14.201149425287356,28.326612903225808,71.16756756756757,16.292857142857144,20.82051282051282,3,4,4,Central and Southern Asia
Uganda,2016.0,18129,22.0,45.0,31.0,72.0,20.0,6.0,72.0,19.0,7.0,71.16756756756757,16.292857142857144,4.0,1,2,2,Sub-Saharan Africa
Uganda,2017.0,18766,23.0,45.0,31.0,72.0,20.0,6.0,72.0,20.0,7.0,71.16756756756757,16.292857142857144,4.0,1,2,2,Sub-Saharan Africa
Uganda,2018.0,19406,23.0,45.0,31.0,72.0,21.0,5.0,72.0,20.0,6.0,71.16756756756757,16.292857142857144,20.82051282051282,1,2,2,Sub-Saharan Africa
Uganda,2019.0,20015,24.0,45.0,32.0,72.0,21.0,5.0,72.0,21.0,5.0,71.16756756756757,16.292857142857144,20.82051282051282,1,2,2,Sub-Saharan Africa
Uganda,2021.0,21084,25.0,45.0,32.0,72.0,23.0,3.0,72.0,22.0,4.0,71.16756756756757,16.292857142857144,20.82051282051282,1,2,2,Sub-Saharan Africa
Ukraine,2016.0,4954,69.0,30.0,46.0,61.92619926199262,15.381578947368421,24.920265780730897,60.497835497835496,14.201149425287356,28.326612903225808,71.16756756756757,16.292857142857144,20.82051282051282,3,4,4,Europe and Northern America
Ukraine,2017.0,4954,69.0,30.0,46.0,61.92619926199262,15.381578947368421,2.0,60.497835497835496,14.201149425287356,2.0,71.16756756756757,16.292857142857144,2.0,3,4,4,Europe and Northern America
Ukraine,2018.0,4954,69.0,30.0,46.0,61.92619926199262,15.381578947368421,2.0,60.497835497835496,14.201149425287356,2.0,71.16756756756757,16.292857142857144,2.0,3,4,4,Europe and Northern America
Ukraine,2019.0,4954,69.0,30.0,46.0,61.92619926199262,15.381578947368421,2.0,60.497835497835496,14.201149425287356,2.0,71.16756756756757,16.292857142857144,2.0,3,4,4,Europe and Northern America
Ukraine,2021.0,4954,69.0,30.0,46.0,61.92619926199262,15.381578947368421,2.0,60.497835497835496,14.201149425287356,2.0,71.16756756756757,16.292857142857144,2.0,3,4,4,Europe and Northern America
United Arab Emirates,2016.0,1089,85.0,39.0,42.0,61.92619926199262,15.381578947368421,24.920265780730897,60.497835497835496,14.201149425287356,28.326612903225808,71.16756756756757,16.292857142857144,20.82051282051282,0,1,1,Northern Africa and Western Asia
United Arab Emirates,2017.0,1152,86.0,38.0,43.0,61.92619926199262,15.381578947368421,24.920265780730897,60.497835497835496,14.201149425287356,28.326612903225808,71.16756756756757,16.292857142857144,20.82051282051282,0,1,1,Northern Africa and Western Asia
United Arab Emirates,2018.0,1199,86.0,38.0,44.0,61.92619926199262,15.381578947368421,24.920265780730897,60.497835497835496,14.201149425287356,28.326612903225808,71.16756756756757,16.292857142857144,20.82051282051282,0,1,1,Northern Africa and Western Asia
United Arab Emirates,2019.0,1234,86.0,39.0,44.0,61.92619926199262,15.381578947368421,24.920265780730897,60.497835497835496,14.201149425287356,28.326612903225808,71.16756756756757,16.292857142857144,20.82051282051282,0,1,1,Northern Africa and Western Asia
United Arab Emirates,2021.0,1293,87.0,37.0,45.0,61.92619926199262,15.381578947368421,24.920265780730897,60.497835497835496,14.201149425287356,28.326612903225808,71.16756756756757,16.292857142857144,20.82051282051282,0,1,1,Northern Africa and Western Asia
United Republic of Tanzania,2016.0,20203,32.0,50.0,33.0,56.0,9.0,34.0,50.0,11.0,38.0,69.0,4.0,25.0,1,2,2,Sub-Saharan Africa
United Republic of Tanzania,2017.0,20839,33.0,50.0,33.0,56.0,11.0,31.0,50.0,14.0,35.0,69.0,8.0,21.0,1,2,2,Sub-Saharan Africa
United Republic of Tanzania,2018.0,21473,33.0,50.0,33.0,56.0,14.0,29.0,50.0,16.0,32.0,69.0,11.0,18.0,1,2,2,Sub-Saharan Africa
United Republic of Tanzania,2019.0,22098,34.0,49.0,34.0,56.0,17.0,26.0,50.0,19.0,30.0,69.0,15.0,14.0,1,2,2,Sub-Saharan Africa
United Republic of Tanzania,2021.0,23020,35.0,50.0,35.0,56.0,20.0,23.0,50.0,21.0,27.0,69.0,18.0,11.0,1,2,2,Sub-Saharan Africa
Uruguay,2016.0,722,95.0,39.0,41.0,61.92619926199262,15.381578947368421,24.920265780730897,60.497835497835496,14.201149425287356,28.326612903225808,71.16756756756757,16.292857142857144,20.82051282051282,2,3,3,Latin America and the Caribbean
Uruguay,2017.0,719,95.0,38.0,41.0,61.92619926199262,15.381578947368421,24.920265780730897,60.497835497835496,14.201149425287356,28.326612903225808,71.16756756756757,16.292857142857144,20.82051282051282,2,3,3,Latin America and the Caribbean
Uruguay,2018.0,716,95.0,39.0,40.0,61.92619926199262,15.381578947368421,24.920265780730897,60.497835497835496,14.201149425287356,28.326612903225808,71.16756756756757,16.292857142857144,20.82051282051282,2,3,3,Latin America and the Caribbean
Uruguay,2019.0,713,95.0,39.0,40.0,61.92619926199262,15.381578947368421,24.920265780730897,60.497835497835496,14.201149425287356,28.326612903225808,71.16756756756757,16.292857142857144,20.82051282051282,2,3,3,Latin America and the Caribbean
Uruguay,2021.0,701,95.0,40.0,40.0,61.92619926199262,15.381578947368421,24.920265780730897,60.497835497835496,14.201149425287356,28.326612903225808,71.16756756756757,16.292857142857144,20.82051282051282,2,3,3,Latin America and the Caribbean
Uzbekistan,2016.0,8975,50.0,24.0,47.0,78.0,2.0,18.0,90.0,14.201149425287356,28.326612903225808,88.0,16.292857142857144,20.82051282051282,3,4,4,Central and Southern Asia
Uzbekistan,2017.0,9060,50.0,25.0,46.0,78.0,2.0,18.0,90.0,14.201149425287356,28.326612903225808,88.0,16.292857142857144,20.82051282051282,3,4,4,Central and Southern Asia
Uzbekistan,2018.0,9163,50.0,26.0,45.0,78.0,2.0,18.0,90.0,14.201149425287356,28.326612903225808,88.0,16.292857142857144,20.82051282051282,3,4,4,Central and Southern Asia
Uzbekistan,2019.0,9285,50.0,26.0,45.0,78.0,2.0,18.0,90.0,14.201149425287356,28.326612903225808,88.0,16.292857142857144,20.82051282051282,3,4,4,Central and Southern Asia
Uzbekistan,2021.0,9603,50.0,26.0,45.0,78.0,2.0,18.0,90.0,14.201149425287356,28.326612903225808,88.0,16.292857142857144,20.82051282051282,3,4,4,Central and Southern Asia
Venezuela (Bolivarian Republic of),2016.0,7904,88.0,43.0,34.0,97.0,15.381578947368421,24.920265780730897,97.0,14.201149425287356,28.326612903225808,71.16756756756757,16.292857142857144,20.82051282051282,2,3,3,Latin America and the Caribbean
Venezuela (Bolivarian Republic of),2017.0,7808,88.0,43.0,34.0,97.0,15.381578947368421,24.920265780730897,97.0,14.201149425287356,28.326612903225808,71.16756756756757,16.292857142857144,20.82051282051282,2,3,3,Latin America and the Caribbean
Venezuela (Bolivarian Republic of),2018.0,7694,88.0,43.0,34.0,97.0,15.381578947368421,24.920265780730897,97.0,14.201149425287356,28.326612903225808,71.16756756756757,16.292857142857144,20.82051282051282,2,3,3,Latin America and the Caribbean
Venezuela (Bolivarian Republic of),2019.0,7581,88.0,43.0,34.0,97.0,15.381578947368421,24.920265780730897,97.0,14.201149425287356,28.326612903225808,71.16756756756757,16.292857142857144,20.82051282051282,2,3,3,Latin America and the Caribbean
Venezuela (Bolivarian Republic of),2021.0,7599,88.0,43.0,34.0,61.92619926199262,15.381578947368421,24.920265780730897,60.497835497835496,14.201149425287356,28.326612903225808,71.16756756756757,16.292857142857144,20.82051282051282,2,3,3,Latin America and the Caribbean
Yemen,2016.0,10159,35.0,40.0,36.0,35.0,25.0,38.0,60.497835497835496,14.201149425287356,28.326612903225808,45.0,16.292857142857144,20.82051282051282,0,1,1,Northern Africa and Western Asia
Yemen,2017.0,10338,36.0,41.0,36.0,35.0,25.0,38.0,60.497835497835496,14.201149425287356,28.326612903225808,45.0,16.292857142857144,20.82051282051282,0,1,1,Northern Africa and Western Asia
Yemen,2018.0,10527,36.0,41.0,36.0,61.92619926199262,15.381578947368421,24.920265780730897,60.497835497835496,14.201149425287356,28.326612903225808,45.0,16.292857142857144,20.82051282051282,0,1,1,Northern Africa and Western Asia
Yemen,2019.0,10716,37.0,41.0,36.0,61.92619926199262,15.381578947368421,24.920265780730897,60.497835497835496,14.201149425287356,28.326612903225808,45.0,16.292857142857144,20.82051282051282,0,1,1,Northern Africa and Western Asia
Yemen,2021.0,11048,38.0,41.0,36.0,61.92619926199262,15.381578947368421,24.920265780730897,60.497835497835496,14.201149425287356,28.326612903225808,71.16756756756757,16.292857142857144,20.82051282051282,0,1,1,Northern Africa and Western Asia
Zambia,2016.0,7280,42.0,44.0,26.0,79.0,4.0,16.0,78.0,3.0,18.0,94.0,16.292857142857144,5.0,1,2,2,Sub-Saharan Africa
Zambia,2017.0,7477,42.0,44.0,26.0,79.0,4.0,16.0,78.0,3.0,18.0,94.0,16.292857142857144,5.0,1,2,2,Sub-Saharan Africa
Zambia,2018.0,7672,43.0,44.0,26.0,79.0,4.0,16.0,78.0,3.0,18.0,94.0,16.292857142857144,5.0,1,2,2,Sub-Saharan Africa
Zambia,2019.0,7853,44.0,44.0,27.0,79.0,4.0,16.0,78.0,3.0,18.0,94.0,16.292857142857144,5.0,1,2,2,Sub-Saharan Africa
Zambia,2021.0,8244,45.0,44.0,27.0,79.0,4.0,16.0,78.0,3.0,18.0,71.16756756756757,16.292857142857144,5.0,1,2,2,Sub-Saharan Africa
Zimbabwe,2016.0,5372,32.0,48.0,35.0,58.0,29.0,12.0,57.0,29.0,12.0,59.0,30.0,10.0,1,2,2,Sub-Saharan Africa
Zimbabwe,2017.0,5501,32.0,49.0,34.0,58.0,29.0,11.0,58.0,29.0,12.0,59.0,29.0,10.0,1,2,2,Sub-Saharan Africa
Zimbabwe,2018.0,5644,32.0,49.0,34.0,59.0,29.0,11.0,58.0,29.0,11.0,60.0,28.0,10.0,1,2,2,Sub-Saharan Africa
Zimbabwe,2019.0,5787,32.0,49.0,34.0,59.0,28.0,11.0,59.0,29.0,11.0,61.0,27.0,11.0,1,2,2,Sub-Saharan Africa
Zimbabwe,2021.0,6049,32.0,49.0,34.0,61.0,27.0,10.0,60.0,28.0,10.0,62.0,25.0,11.0,1,2,2,Sub-Saharan Africa
